0,1,2,3,4,5,6,7,8,9,10,11,12,13,14,15,16,17,18,19,20,21,22,23,24,25,26,27,28,29,30,31,32,33,34,35,36,37,38,39,40,41,42,43,44,45,46,47,48,49,50,51,52,53,54,55,56,57,58,59
393.08102380786033,366.40108307777643,371.24322294949076,347.1932409118263,316.46032428467623,316.3670726246965,327.24321412796047,352.033525576408,371.8320143532093,396.8388502461677,415.04366420363,429.27042198705976,394.9800518269087,403.80721365355345,377.24093994329166,346.3476392065695,322.2964898539654,344.9269411548879,361.99639867188944,393.4104670362543,426.93880514178306,454.4686841879618,428.77350775635176,455.2602996211004,478.96489905630557,504.94090924648435,480.55890244463876,453.734330388771,483.4009519596567,460.56881739907203,451.3723385720541,448.29127803663835,422.00225498470786,388.4466551469862,423.03298803068435,449.39899516913164,478.26265022367625,463.1820650727245,443.58917516490527,438.39983423718513,435.1321900656456,400.52415078614246,420.0718686653307,454.83856133527195,456.8469222424182,449.0250308932898,441.517663418774,413.2430626708211,396.8743899563019,397.0236851607261,392.2530452401549,395.40547744217264,419.8400728467911,400.60703403576395,367.54352669920576,335.2193078689976,309.6111242404777,314.5449331767859,336.1178698794406,363.1942856290848
461.343016750489,454.5630444220516,430.3790739929819,423.4783577540254,411.74741712757026,437.6492287875699,436.7195852063124,417.55329820312943,402.769372880234,377.3222843982222,406.6232658330614,375.1474750696142,341.0467124685268,318.8559378154076,340.6171190691514,342.2597941333271,351.06882424971616,341.1100415288176,310.9175005172595,335.8485718917113,314.2811709404898,281.5953149786478,286.6846044939714,257.5148499208935,229.21817955108187,255.39121528665623,254.80388653891592,236.85822859884877,238.07914875817696,258.7074903965753,228.3522805295374,225.04970033818984,244.68110983117538,256.2247467491504,289.2970996666264,280.5155633545079,250.070997256934,254.97809694859947,264.67029508029594,239.4424900853334,250.09918251274777,232.87447794785217,260.44101052791507,283.90231523278317,278.9763519526741,311.6483752885704,345.2325465000523,319.2801227263857,310.0200890646584,317.0425919679235,287.98123863862463,279.7671239056142,263.04916978677556,294.6926852544449,288.5036928526478,306.8906529509737,298.96002839682586,273.18687332614434,298.60748043740364,263.63666462062093
241.257532110291,240.4993674152422,258.12241865992326,247.04171933027754,224.11416121884042,232.4320463212792,231.61994345144814,220.25267076104257,238.85319576772437,226.28175528222394,231.86835143865153,250.05151030175344,267.1698707014309,250.61176458135247,241.5989776476033,233.97481044976317,266.86343782202465,245.19981871114285,231.027439130145,240.4838349896519,230.50344279637613,227.13077427630057,224.03947916060048,244.9919520997376,256.72000931717395,267.23141174863156,286.3624123092893,274.2074732047696,303.4971345576041,319.821457332417,341.1510585331001,356.6184100009699,346.7103051812492,331.5225793456337,326.09877421616466,297.89089945349974,294.48053456311607,262.5004033797829,227.7766205816865,259.84637670615234,273.09995694730486,277.4292432419227,266.30638600153674,271.2440470294919,298.65435137317513,309.32096074924567,316.49470060599094,313.7090158140084,302.90780795956846,316.8061059340883,350.4747718051953,345.2078103516366,337.6621746326307,332.63011769818365,327.41819546166414,361.7619295974588,376.23640762311265,366.37931906785406,357.38448523572464,352.5402699678085
233.9506312805709,245.83694607917977,269.36193919746404,280.6016847219898,259.4911439952977,275.4535408917836,290.8156433350257,274.1933884304555,282.794614410441,290.5610467289765,314.3461803989092,288.8712422272501,267.5099375430567,266.5278028068031,234.61796322926457,240.62093761489717,263.84148216194063,239.25148974082052,244.95290418321522,279.33954001247207,279.7539409522126,279.63660864075894,283.7521595014507,261.77246542474256,237.07393721275866,255.2725224273116,247.97619912071553,238.25721754491306,221.6718303311612,251.02622028412392,222.13455281780682,247.85028793373579,244.00809092045364,255.3274247552257,237.66488480353706,228.18410552062025,243.03388371148907,260.36939641662286,239.05392706278312,243.58691471771266,246.05096282326906,233.18573500105157,247.22732287959613,229.0811871010205,242.47034868364688,226.51894850991704,240.15921027263755,237.18755778863596,243.60162950270143,245.41841925912297,274.8558840736985,274.15137607065094,296.44629934203215,277.24196684585223,266.8877624702503,237.1440191145737,241.93948105558667,258.07542455197597,281.7471169396337,286.3611607655746
463.2276144453698,440.6363098785562,408.2407325548969,428.65890271730905,405.35157723819907,376.7334447254917,407.3628071889534,439.8093026730958,447.94731308527037,439.4519221733809,462.77869004086455,442.10908719434343,437.16655011442117,427.1577610444633,456.04676039638105,485.4311794717402,495.9931943143969,468.7450041334853,467.4984994095665,449.67148504525045,476.6155814681642,451.3037773992983,420.1054967095478,434.4155290580533,431.145554305824,454.83109643803994,425.0551706198918,446.13049990244076,413.74393260153187,380.70883343550884,378.0009360566809,358.4913263343266,365.0516358247837,331.85882541958665,299.33609338499514,315.23648811703094,294.9480494914928,305.8972481477441,323.3917994527972,292.5449810535449,311.42775786604165,295.2172431233317,287.48546019731407,258.55020365798623,282.2543024935259,286.5053175363294,286.83188698563146,319.6307237488244,308.04612694467136,335.40067699804007,350.7788286725624,380.7757981822191,409.3219418755913,443.69402822741614,417.9114008700172,438.6325483164288,459.94715316275403,470.0533001352481,454.57356721192224,487.1339462259043
297.68041239827966,297.6506888833704,299.15478678071344,275.48284091923614,291.059858482563,262.2805599751798,275.79740449444955,300.20048923479413,289.6582389905621,304.3176955925061,280.29187616285554,304.50830626455706,336.1505251632828,311.8390837082672,325.26924688633045,325.67742364528726,327.88237687355377,342.33665717560194,341.5484921291526,348.57133957039275,329.73441092918915,321.2298726833933,346.7966971883984,319.4898730037854,326.3201412691402,304.2202356255825,328.47800748021854,334.01108424996704,327.224499036886,309.7122261925133,305.2913551357877,337.3242179503096,337.96886823236304,335.83313545135326,353.0723023963749,344.60559735460834,339.52527384626393,328.1116150562773,303.6759979293347,318.64264292352027,344.7548068953739,373.14629234236753,399.8024980050121,396.42736417567164,381.31199762989536,390.966660101953,422.7960039353752,438.6895493071776,438.32894861848854,451.5455488344299,470.6232027062377,499.9720509992026,518.3971537772534,513.7204926717668,497.8729489643507,497.8646654954221,485.8371216178051,516.830643105952,517.3882521474494,515.43219566493
352.3145628988479,362.0730522192599,363.47664172272624,337.5100663256042,363.35461308373885,353.48551133380477,348.7660014308756,328.1626953973261,331.90056993057834,346.0444243005792,372.72599674439493,341.3385332924533,374.4717669714098,388.7390089128348,373.639916821641,352.9531496726186,338.6793039784405,364.98010659509146,350.377418718808,347.7748981378145,362.17656193477075,388.2158523954427,399.31583375967,417.0334775170796,394.16635325779646,420.5849011961762,404.88524404944394,378.87171553340005,412.2088158572469,391.3236106390382,365.8892485444965,374.71071155162156,362.03113201634824,336.3655763789828,343.4440545840941,361.57302048965056,382.0969066841515,357.9827887550106,361.96348351080655,383.9209694585088,360.19706025820176,339.734817882149,304.90361570236644,306.6280066500366,285.25572543037316,300.9527057312561,333.3076756244885,312.92055985442346,323.3573506778707,303.1857629799665,269.4462431085458,287.5450367035667,282.9253640691292,314.2004443751549,316.6004561251933,292.62425695349117,289.10846787930063,268.3108935157218,294.772942603782,308.13616526590874
349.67074576878736,351.6181683652872,363.4817815401992,383.281821705379,353.89212639631694,320.4684453359842,293.48013413787646,286.12987584995585,283.7993385557023,258.3516526706717,252.13237232364406,249.6471853206475,227.0523590984812,258.5477138173505,265.48792874849,257.68541588042973,258.1689187234842,245.16274277630066,271.3988981026452,276.64995101244045,276.2926580199885,305.0546362366803,328.7132151130651,350.60934751287454,331.4019918091036,307.1206096118886,320.4273659917809,318.2323239356786,331.09221384265766,349.3361200904358,335.0080656045684,319.933595923165,319.2918055612379,303.4402575080927,315.1509268292267,332.4220580408769,330.464784264604,346.13076785650907,346.8613976914634,361.76241822915404,342.51019557485483,359.2292087901678,374.28789043215903,357.95028992560145,361.8682592984137,386.74007604962185,369.2066613376926,385.7252462187199,417.502916419002,443.13985080203156,436.2462565896509,443.75079789882057,478.17470729650984,482.96532609281013,456.0172582629358,424.19741109744905,444.51942677953105,439.17340955766025,421.45031190170386,410.78735404797015
507.80168928765187,505.36900278201995,531.1639672588313,547.6087584732703,580.7897490044501,593.955761212619,569.403457755826,577.6354645617716,543.8139061939701,578.1913769040419,558.0187745647513,569.5544311184021,590.1277729256766,562.3281797090109,586.6797337057444,552.2714475377074,548.209847203686,546.2524807808657,537.4388307089772,543.4857629500121,572.5247273591964,557.9534614256819,563.5016535273315,589.9240303293641,589.767547314495,556.6100127875358,587.6053662764721,554.8161792181455,561.0292724243486,566.3040258464101,585.325868809372,557.6996484412552,535.2555758856445,552.9030611773297,528.3683938461435,526.2295527407382,542.4449190555034,553.031854070291,532.7741470982077,519.0513652062336,551.8796084331066,548.2865518439485,516.3985751944952,496.76951815713846,485.7399744334671,520.7042327340881,506.8926410574724,473.74035047225055,474.64486090112405,445.49723784930245,429.681969758003,464.14879208457876,478.4734884096896,447.02015245949053,443.42822276091624,420.4428486449357,394.04897459308415,400.1435535275003,400.53946580231536,417.54012670440096
559.0763667281067,541.344096748323,570.9535358142008,569.1290773236253,551.178772205343,575.3837808725257,542.5019402513251,546.6675966744324,562.18110412653,546.7795422274601,572.2239764568853,552.3080858632932,576.0992856545149,545.7256401324869,521.9205715632771,513.5894924364106,538.3733783322832,513.494353891158,539.7750306767549,520.8562375396505,517.5318254412675,507.22323373949115,480.4920696025078,511.5937513688477,507.26623172150266,520.5894200164363,525.8581573829184,525.9782715625729,534.1387052115523,562.0226666457223,575.97453294431,572.4044183320053,577.790208823916,577.4818989822088,567.3942083473543,574.631873848305,566.4093515016973,583.37461299157,598.395094930707,598.5308752211961,593.4623910267585,583.4580167889844,587.0800735376034,560.6121347531005,559.143426765075,542.1547603144705,507.39940899212485,540.0710392191701,565.540438548799,566.2217193058079,548.7018767171281,562.2101414310747,557.6462173495696,578.8806846891586,599.9729566732996,577.2002882904449,556.3267137444138,540.043487960047,511.577725157694,504.16095891270487
226.62152003242554,224.7613169839977,230.80298073051276,227.32219164450822,250.98657772334025,226.96849874056178,256.3444725060557,236.8224877658224,225.62743591949217,220.41060704899206,245.3258433675242,235.48062162097222,245.71980630237314,226.77730473416995,261.1630080383761,234.93993977327298,240.57155596754507,267.32748798371165,249.46957437734014,237.2115573720264,262.21301885918456,246.34679486262544,220.17614573272027,235.052355392985,220.6274167697526,252.41354886989393,263.2669071535501,269.07790578903706,248.1891715494025,264.2290195864,276.6368446438842,245.86929481865977,273.61650717390245,279.17544257898885,299.64812425169157,283.05210930071064,256.59545528345245,270.7669254065274,291.3387134443887,283.3610607977391,250.0195200698809,273.20248397824275,252.6290574213736,242.92841066626502,256.39242381179514,228.38925415658633,223.12384259517992,220.9799265416382,252.98063483655312,241.1679966325313,257.1078821027512,291.3543495339932,303.21590508332923,304.9725407932618,306.4369361394685,297.8211365313571,304.8057124482131,336.9211097164124,357.0841920752941,351.7800552676207
346.32903503236264,373.17624210598115,347.6812498998427,372.15221788734385,355.00759118130713,370.10163768562137,391.5370783398595,389.92683454830257,368.3867128782618,392.5204549206281,383.2460390743601,370.69365730813644,371.3947900728772,366.85082695015143,379.66448214286214,354.26832872894875,349.76660451229986,377.1857312980641,344.7101209588449,341.7238042795778,352.9610419265425,380.1008180194815,386.6658539048038,409.3797528915568,389.96812421870686,379.66478475465703,410.61404392962004,437.6323018461081,441.6890106343174,439.9731942799566,436.5479116817687,405.66318799145984,433.12958526841953,455.400050857493,452.3376309884437,436.8984290788069,425.90287152866404,399.5241125397663,415.0493944311669,419.01628439000694,400.40352398774957,409.01391403318786,442.5600290310361,416.12768851436863,413.2216392581416,412.81275672269044,389.4885616903566,391.69917646016864,399.11758455853493,375.1317022758296,350.96237520645093,375.90678530081385,362.70390586771697,371.8272429632211,380.70135826048613,404.4433195512706,421.2359437374772,445.07629407815665,453.84132935370326,450.30333058968284
369.5552780989684,361.08736176526895,355.37487861891,329.4265262696739,324.1036122398956,316.36475574407905,283.78477217635526,268.04392504919906,285.67741328101425,291.13360327968803,312.56532805261014,315.5534911592637,340.3393547425324,361.0640517146526,332.9439716246099,366.33441738572935,332.3667386688224,339.14540132389567,359.62120697606906,347.8537967656323,354.75368222643334,345.10225938575473,314.34530763627987,279.93761397253303,251.5779560803162,226.55190963520621,245.38363682733635,251.75365512656373,250.40384006256448,265.2543215261541,231.4321511170255,232.5823459593129,256.99016988638306,285.68856734258134,281.3721290792121,252.07600768890472,273.57553505383925,300.5374653829306,294.49368433149095,276.52855210591036,244.60656888151652,255.23241893795688,283.92328327733185,296.3754450637546,283.582846916386,293.5850296166837,316.8298181380455,315.13792229250754,337.52031659235627,329.9539939590011,319.349391460705,325.1585952722038,322.6866445108175,356.0844789430933,357.23173859006556,349.19378061418706,341.8391286331846,345.19492517610274,335.0387678366764,350.64222997422195
364.6519125266235,356.5420195833905,364.73014703976685,333.98942812848753,344.8642723965478,345.2123275976559,341.9241555977208,357.27186494727744,375.3497696876177,399.58803012648985,390.82424858371115,378.7168870414478,393.7208341460642,399.4471742858954,408.67328253052256,412.55988602793104,431.64839765220086,409.95125984665157,413.85110913854936,389.91823436460345,383.4258701149729,394.9054377540981,394.42045033609,385.9918579031427,412.9397580022351,432.0375580170586,433.87791296708485,465.381633864369,460.0872041248186,480.252309055986,457.00784584208526,442.01331923982707,430.6793099332039,403.08676262252055,403.2130996778453,381.6713090667,391.0643213281761,369.3707864982874,343.0162245120367,375.8522954439614,386.92911685073886,417.48068088033307,416.7728263198593,384.1109987342955,389.31698066449655,393.40000274299615,359.44829515855776,384.735238266686,393.13318590983573,410.26156776616597,409.836045197192,418.1242158507704,401.14710837676705,434.31015212057235,427.36055264890894,403.723416142543,372.6374954287669,382.1695307447429,416.0061203270948,443.7117351063345
486.79973564483714,521.1415906743374,536.7395690172849,525.4871476553826,532.5724169695948,503.15608194358407,483.67385625916194,477.9016727741564,457.0289673235696,488.77403836154156,523.465865233667,514.4313796421836,529.0774086675875,522.6213598140143,497.3870041210488,485.9718834601964,467.3079023702928,455.2733777988122,435.32489598665234,408.1890543207296,388.4090443760985,416.8120366041875,387.7775539085445,375.51051897141093,377.5020115865954,367.3178975190804,368.5503941704025,336.5897983868073,346.98967272231374,351.43318883123794,364.1008274410664,368.80887454897294,364.4621253187694,353.9720332793552,334.8224965863395,334.82723746280243,301.6509091292279,289.6277670961807,302.0788276456978,274.68902042374293,244.09140738610992,258.53815165377705,251.38238213374157,273.2270559806223,303.838847258615,335.8316790198954,330.6231787924879,314.1260844917402,321.72904620371366,330.7025510186902,339.26669654400297,326.79119950432465,296.2538210535359,275.9541597713278,251.76351973288416,228.2720231806152,260.08215334122633,226.05148855940408,244.70715609664867,276.57096581974054
356.8201884477686,358.71705468984095,372.4219111331021,359.62378975917886,358.0594288986863,380.2566284219789,397.43152499159737,419.02298379609624,453.13679525003215,444.05971849556465,461.35610690106876,468.55102659820756,480.2133603036913,497.00453364199666,514.4857258282387,541.4878862788761,530.9404035453999,541.6840984732337,526.3044286850136,532.9242380432019,550.5064978552368,570.8765738865517,562.8163964124238,563.426812036519,551.7963016184311,528.6288458762052,511.86506423968245,540.7146545826702,527.3425225513223,560.575675899515,542.4791418645917,558.0941179882649,563.2673485382934,577.0482520050293,579.3667406462833,583.68546789544,595.1531909845709,582.6056523801926,551.1605450972454,535.1183255085284,549.6936541371418,549.2788780954389,552.677516878817,559.4381487554374,551.2221978643573,570.3948846205072,582.1389392757317,584.897563878981,585.7363461802818,594.5986345493927,583.6533158183332,598.3092666267734,567.6825336297894,575.2244107839996,583.0791174919037,572.8568223795304,555.7670073308327,559.2696290206096,549.8019666409588,578.440651615706
355.58111676263684,332.8806062517859,338.22784606336756,330.9473274599934,302.6601975960523,307.1991621659059,309.848410947505,286.97220701182863,293.80687883901766,298.5220070090419,317.67489062195324,307.9847857109377,290.3979523673924,321.9833444553467,326.2685710501419,293.1683681720345,315.6181860598565,294.39125032418235,314.41379255939137,328.77516246030893,361.5921231587299,394.18267427034675,378.39141799624997,397.0428886818893,384.22274468648396,393.26660040455556,400.1088263513771,368.92687244485865,334.28959493333366,303.33307595497035,277.2890192821922,260.32469367653636,288.8115593035157,290.11584657778377,310.898268296639,334.5800909441436,351.0261078454815,343.4230665549215,368.8932241237903,385.8367068562547,402.85730789460837,430.9675107961982,437.8739538682361,439.8741639655884,467.18554299738366,463.9978639688774,485.8078126908964,454.57705792203296,419.6673540339755,421.64782830628053,391.80066087342715,425.1586718151416,390.5437539979275,405.8142285528328,387.85115725786824,420.5797976269122,412.2877131708649,379.1975530093355,346.0830565879503,349.8191926086785
594.9505520318869,599.1899412442347,576.2677061986449,569.6179987417934,541.1860003628603,542.7383802822816,549.7174922156607,532.2918088084532,540.1398193225153,568.1183119412531,533.1822062532744,514.2075704548306,493.9019398875063,467.5739740998742,444.2010589914713,453.01493716704846,425.2035444775934,441.9007571090439,468.99233844813074,498.85347914061657,510.06578614299565,488.8835348873488,459.85429517514234,441.09604194163234,473.4330449465853,505.7972090691352,497.5315309434191,485.3369388202476,486.0376795783822,471.45584598110025,505.03221759698965,485.5177148987101,476.35770265150387,471.41366395051637,445.1681455661977,436.96588344010684,461.93703384724495,436.76230394921805,442.64384050705115,436.1084401712523,413.04601099947416,378.9095425109186,363.0435737552116,332.3716010040717,323.74539399484314,345.46008389379733,360.83805215523023,392.1549119743539,387.04599118794874,401.5920890893784,413.16600963651985,393.359250857598,379.6100262238841,381.6980935617273,402.46410589214184,399.79099730454715,380.73290483683405,415.27550315645993,388.36601960121675,420.2782431256097
527.4375896035857,551.1601359551354,571.8043667715403,549.9598612270504,559.2406276447173,577.2131145162825,585.3039739912958,563.7996937089177,541.4780508523754,529.4466597263938,528.0357733528112,533.2004256472686,556.7869510096099,575.619346948933,580.7696067238329,560.058734704178,558.5803696296241,547.0608808185814,528.5058533871188,494.22302861396236,482.9853665539107,465.9135052939342,470.94666818161136,440.3077921014712,424.24416387118526,392.37802817037436,402.2772814863149,407.0505505861187,395.6741522013318,370.9875742318199,403.04196252563133,408.94943384283425,421.487369502879,423.6817822317406,445.139109566975,472.8857130353435,464.6754510871776,477.9772229433203,459.06934686156814,469.6992001629108,462.6400942612695,428.11480621936084,460.0017570089443,485.79266519665464,471.1512237208766,505.9942357171768,493.1931729361342,490.3122659882695,514.9003978204787,501.2221424134416,497.7599623205666,509.3510640191945,483.48379285326445,478.04831866168473,464.7070142769986,477.08121568753586,451.5990729917619,432.8902765288275,447.68661079150127,423.6223166721893
380.3673196511581,395.2689701976414,413.8517571077418,385.4934396147586,410.13313227412203,425.81119335321966,414.56181456175165,433.02801422486846,449.00893479871456,456.07132065430153,460.16500279271065,476.5942470156816,511.54244013506343,517.0410975871754,538.6513486105328,555.7505088226236,580.6570969649914,597.5287489516946,569.7638182916709,545.5577731969368,551.6024011859798,548.0530555880351,553.0036440923769,573.8666355063625,595.825476419213,577.1775425064476,583.6901723866274,558.7879047892219,561.2065412440386,527.732875688675,527.9954153879918,531.1689675267768,547.65014103126,558.1140763457494,548.2018477471555,513.603010797074,486.68702195068045,519.8012676969021,549.3645887789735,537.1211101946536,520.2408159893257,515.7899565476283,529.0857586204734,519.0636957065316,488.77426504771245,481.9699215188202,465.2111511325204,452.9562519173052,429.36325912241654,440.48206398361185,442.3462293107776,426.30664752145236,430.07702121288924,429.5665705145959,450.28481047421786,482.203709328032,456.3506449565379,483.2245884800967,497.5603741600398,511.0391223308932
362.23434091413947,351.30791459668393,316.70267853426014,350.4570197588717,357.9124280249851,351.0754316996599,354.1392492321124,321.97614161885076,299.13170848926757,307.76690323670573,308.76522431455913,328.86046191949345,339.97245025066707,347.0729475692242,369.14154687059613,338.9199642592292,352.2820400094191,367.3733899396502,351.634838417251,330.3303129713686,310.2999862532885,289.16984669352814,290.8346000567798,265.32844185238775,276.47845215174226,248.83393027815612,221.7164714247696,231.7232110629716,228.9643023664623,263.465837542297,249.6755785855022,234.36212324676083,229.7129762788116,236.71607606424328,251.33212755440564,271.8680937249348,262.3884310669496,271.20639966994486,269.95059254950195,294.20526678723985,299.0381911883303,284.3306082198673,298.5817162223452,320.98623038395493,318.5670763574325,352.6708830791948,379.2076646225868,357.9944914991712,378.06740255010783,385.13398965459146,387.5707805011399,388.5464815617097,413.2852615564797,421.0463567797211,423.6857757334825,392.1059692065459,388.48717008964496,417.0500794328305,431.87165048695385,400.4384289508846
555.9170672173962,578.78377271379,574.516296605165,540.8714621156735,545.2415353780395,514.0627688728894,501.489296047513,510.5129693707047,539.4168852424569,529.4625798506205,554.6642446524622,583.9495153804984,550.0238156761192,531.7837643187963,546.4741252647212,564.4531382802896,556.9223177954834,567.8951406895833,573.9739585833219,584.1194960290096,585.685199015681,554.9199003289402,530.9974129947445,505.28831330289665,535.5619181918939,564.5099035766032,585.3287624483911,556.1263178024086,561.3253206967796,539.4314645230692,530.2183401521853,513.9147295168042,536.9398982209268,512.0514961872759,522.2840379899812,556.1566644543129,569.2504852820673,539.4600487336836,568.0095138710603,576.0897340991282,567.9711352411581,577.1895731677159,593.0075011168384,578.0432657021955,573.3056022254472,566.2190720448615,536.2119777089903,556.3068865939053,530.1557086488341,522.7756093690158,514.8532085615568,499.45606400762847,492.6315628202378,500.8922005470078,487.6893124015476,464.765148040427,490.62087377593565,523.5791592659352,520.6800269372777,508.5714068013987
238.04318955572714,221.95472325399962,234.51884542055492,266.0645107079506,282.2141087460601,271.66296806701433,304.42621782975857,299.4392710576597,283.8147631358849,278.6594902665899,258.4675161554582,285.4622300695139,275.7443617987522,286.8021893133547,279.0354932312561,307.1566924887335,317.1233451088276,316.3009774285186,290.5509852712123,318.6851516708666,321.9623324498906,306.91604055718983,333.37092298435914,302.1817529019677,289.1671371150377,291.745125199188,280.53212872221854,278.9035265987386,262.4056642619075,236.5114806272103,221.89841124739448,225.8169077838673,258.89632998590855,264.17454931948026,263.40175808893684,255.30442684033645,269.8938370591734,244.78200037259992,236.50759585089747,253.78394129738757,252.9519351313006,272.32927825244656,300.1269673294123,322.76304872535826,300.6575887236095,272.060505210498,248.9213472486514,270.08433741775434,299.05251368224407,328.8339344215141,314.7090396774453,338.53293613839435,341.0694235899411,363.66485297431564,367.0503919409157,342.26291732545394,312.80828590057075,344.8136263452245,339.61980529543507,329.1562504382473
355.39517221195797,346.920581015241,378.07035896784464,347.45968008606695,320.7939702028279,341.0695762865573,344.52824068036705,318.5258137376337,285.93802331211725,266.6344276916632,249.89117933138215,220.92230025097032,227.76246919954247,251.57234080086593,276.9482231190568,304.8247312029371,297.11871348798513,284.4776743012342,319.4679336757863,338.3217652402975,340.9364109038263,323.77041119208405,311.2617928940414,312.3372973120985,315.283101697451,281.24060679660846,313.3986127656117,318.69105008022115,324.9321271888605,304.73510655162784,323.2842090677152,339.8927254741442,311.5537836124777,318.2033896706721,329.2769518437637,352.7667240639351,332.1931065881748,358.62754236462325,355.93121738415493,327.68787073555006,300.08135624131137,278.92766799843326,263.72021741740485,263.46862372959083,280.88120757171004,258.9520207130703,293.43764632803783,269.7441815519597,276.70063929251,306.7264698035038,330.00198940488167,340.35423352130283,355.43874329666573,329.83313716604124,295.50955092925864,290.8999658344847,262.1662906781659,252.20897001206362,235.03752270344384,265.85171992535277
554.4212796230619,576.7472790202324,583.3364770308384,556.2963756790074,524.682095512948,535.4542455627765,545.4123151650334,536.2720150978471,534.3600817483389,533.6005389249981,515.3955082172536,502.38717105078456,496.67443987722964,503.8969719710409,535.8043163922583,538.4982390585911,554.6797127266152,576.1697898943039,547.847496519589,558.5662232483648,557.3139736661745,562.384139623527,530.07332512736,558.508426685677,590.2033171559585,555.3592957869453,535.2547072298511,512.8682993894776,532.5596155990671,539.4252197368945,516.8385761676658,538.8165430399861,528.5597840663885,525.8197654069056,517.9312277793508,519.4278422302369,518.0378150482477,502.2586952346187,496.97761785918755,525.5612183489886,525.7638079025357,554.9108566321021,558.4197499793596,577.2369605078508,559.1956869222765,579.5246312253851,559.1879701808282,525.5564681958363,501.80749421827477,468.32319547051736,499.6175804029174,534.615971832156,552.9720902855224,525.5410617481335,553.467243971419,570.5315768000463,556.9508568248516,557.1103106514769,568.4334645398147,535.0344213815539
410.58554659796016,426.8532269258091,405.0290029585524,401.0943431021057,403.371452145051,419.8610281821973,452.3727879377148,476.7520762980152,485.25836571411173,491.1132129525484,498.33628146763533,501.4987864538195,470.65418807194413,484.5349356931185,499.67851170219075,500.5521370608826,526.4792694390607,538.5498456320281,528.9363716820193,495.3149764339237,464.45629168876127,454.0821700036863,451.4295427675941,428.11052113318385,406.3635025827681,387.47829769732164,407.1142314676607,426.1043803342847,417.9101093132492,394.9756160241569,367.7392029785998,338.8382548219019,331.22780238485797,299.4157727173363,287.7702253161798,320.0775522940594,320.6028753867621,343.1880013652253,317.23661757790325,301.0021323465826,332.2603834646632,324.1090162500449,334.49744524142744,367.8263197828087,371.3814627259602,357.75567917197174,359.9920710886161,328.81667504177625,301.68256622826465,267.18454358192355,294.07924649147384,306.06887651444555,291.9519600737379,272.43325941824924,285.24862149929385,314.6158660342636,300.55560240791135,288.0647400649861,312.8615908285502,340.39789794041286
567.3338953953158,552.1704986996002,525.5923784313446,521.3922084712426,507.0957490311253,533.9664157079537,501.53086163420187,510.9024945087409,539.3351901111089,572.7021157875336,578.2038765855845,597.1558180868141,565.019088553851,555.1617146695328,520.7717434824042,554.4546075357615,582.6454610494304,549.1141396981899,515.3834252303735,506.07128981781915,489.1689474931823,513.4542069001574,489.68811512918774,510.03357751824774,513.8457565175942,505.2631805159433,480.4635638372798,515.3019552544567,523.5609837189643,519.3177399987238,510.296668957415,538.6976451015748,561.1810716749281,582.9640768607038,580.0285332383265,593.8408090097979,571.158864687207,581.0842632826092,567.8903612773536,573.1560645538128,599.8857742891222,599.4565996557078,582.6768225821077,577.703181803372,594.1168640735085,599.4127428822168,592.1212589481833,559.9162864415944,547.5010678456648,575.2604316400864,586.1614786878521,587.4110443456595,584.1968133409117,570.2935402065573,561.3858584884965,583.0111326198526,563.2844372473279,576.222668336396,583.9072675746221,592.057940757321
341.556524468666,358.48877314734017,330.9430659778483,305.6073870044816,299.82090981661975,268.68671416148703,300.0255966640607,328.1583033997159,296.58366208652495,320.2654826189845,320.88667480528625,335.02407699143475,362.10925884230784,367.49747293774675,340.6403699576708,305.8208726917319,305.60537994933316,337.05162919803837,342.1351602109621,333.24089987713813,300.4054410728021,329.4540002822761,317.35496654233907,331.6893846343958,345.2859887821984,328.05781007801073,297.5222355302615,289.4722620372906,276.6714330058946,290.68938092695737,313.0741556231461,293.64533484056335,295.6215097249143,263.4640940420856,243.46200164742794,264.53410822528696,285.07199065952204,304.42030310114825,279.38745785032717,282.9598887731164,277.5494777841532,311.95351855980954,322.73840939389305,353.2025557915941,328.3770771421847,324.93820625920074,343.95073826661155,334.70077922873975,343.976373959495,344.79552602565127,379.23058467091073,356.40166247549513,386.87607114860407,379.98603791483487,377.7455455612455,379.747677419544,363.3233358798946,395.7793568626501,424.58346122908534,457.68681824388074
598.8294374396187,588.0564836853114,574.2601891267766,590.9336054071016,556.9826005470734,580.3908836770187,572.5472340189505,579.591686824147,565.316948133207,556.0037344834092,523.2239351801713,517.8891953102022,511.4739889895553,492.20936612032034,474.52199526810404,480.41176589907985,467.65576687684506,490.7734005080554,463.57035798805003,469.0055042483031,445.2086351480403,447.1854790324864,450.8636911190087,460.82452917580974,455.7442754849123,456.4075034439601,434.07418656965064,431.48526105119373,422.59738828779405,434.2265656136027,429.66408625835675,449.21800182697217,444.0374487271306,425.5414308353077,409.6996411624086,377.8696069188232,380.6639236608869,403.8255855339094,422.66340501113933,418.30866765483233,397.0370925149482,422.4810035457699,391.4556759289247,384.4012666930993,409.36432665997586,401.8866947782696,375.1379777312568,358.75444275546255,365.7565036774689,341.39901721608885,352.2444900950538,347.91582527900096,336.3230903364375,318.18787397305897,340.82097298302864,333.58814930546674,350.2816978979027,346.1065613825196,317.53726446459416,313.3726827263024
412.92135629959034,409.97030984412675,432.1072296665058,460.8668240995179,480.94133136429025,486.73606451905744,489.6375617578998,499.7606838665559,484.9088046173121,506.73808384772013,531.7174562799764,515.4226577027046,543.61993227251,568.0312229519268,561.4585826433204,590.0885967898125,560.4976810031104,527.4567401477334,516.8074179393172,521.3879168572314,510.988899874532,541.9336412315272,524.7633572653873,509.4482948168748,518.8862276950147,484.15669945893427,500.08569312375624,491.5085569402773,524.9509076753079,538.3501391873904,507.00518604315437,478.48913265509253,449.6609001397836,481.3444583322197,494.2280662174508,489.1604867276763,468.19427501927845,494.3490572697847,473.4579722067785,487.92551736008573,506.35822266825994,491.9841488881385,492.32818049008347,472.93743025237103,464.4625062742559,497.02191415385647,510.5415765796665,534.8045710130026,537.6465410156745,519.3793229662695,534.280912932973,534.3206701883126,511.70009095580673,505.5701832290814,515.0089985602228,531.4822285279795,513.5076842403041,539.8274979947573,531.3960754899848,515.3756457424772
294.14562107241545,315.4376144806236,305.22913472824797,304.0670666804034,284.6644543298747,297.6908293116999,317.36316784036944,306.12293526710334,337.2784922431015,304.421234912318,278.72725214150086,284.9423443507352,299.0408246941218,281.58863395975595,285.37361074215033,272.66064803514723,276.44689522865855,287.59983267215625,320.69639642199024,317.5951766234731,327.97029944246975,333.43304679686497,320.6618893689951,303.3763785878355,337.52732910996616,317.0069944290722,337.3262631242688,312.5873804957221,333.8919693510096,311.892960360278,344.5939254414097,357.6130614016259,328.9213384589339,342.4437368210647,349.69719021577333,338.3254274843504,321.57694732732045,336.8902020496911,353.7854981561817,341.68990758285923,368.0258053416245,351.8437106638189,321.73422048205566,328.72496961998615,301.2199097181993,285.58639421685325,286.0894417302439,271.1346152952547,251.18435926465781,266.5398761297833,269.829830027944,293.61311740546364,299.29988903134705,298.1411938555115,281.4291384682667,301.8737497246575,280.65472032416324,262.6107090922845,286.52191086499937,303.40538766604413
452.8919258122178,420.6163629672779,394.52439624720876,394.5214184603414,411.76514310414376,409.2522035975714,375.4627153066062,353.3616152132837,359.575284186699,373.17047836485835,340.5104602546917,308.5436829969267,291.8353910788721,262.6805097559316,265.61674600946714,239.27588474643477,255.18267791152022,274.5884502630513,307.52461672569876,338.9131040403388,323.04866455680826,290.10733674043036,278.1661918682541,292.7598001781398,261.9458848272176,252.1257708642176,240.00579874825445,232.06528190016655,253.23424302975965,264.9729852210199,267.4575718034239,296.21179658113573,268.4315162722548,243.90976198572395,242.58892933631782,257.77154513769176,263.6570955948706,233.84008371762584,266.8095476520266,253.164084804324,244.46903968834067,257.08666527014526,288.2482514923267,299.63642822955575,331.470561297895,309.60193961532855,317.918634643434,340.94015707477394,341.57186985261325,331.9240271606671,365.8571242628985,340.7262380906647,334.4913050176707,360.62746769691694,388.66111995233143,422.2878670615156,449.2271985200223,417.79419029714114,447.8778452710653,442.8495486695403
467.6152912335011,460.2146020751995,482.1713674381479,487.4857167807415,511.67384175952185,490.2378447659755,468.18666139881867,464.01303750975376,429.3456456571274,442.8453524998655,428.5691134464263,432.58006768143775,402.48031691369704,379.42542207048564,388.0255639720209,374.42194786979394,354.4524838507883,335.4717389073321,315.5090944381168,324.10866089825515,300.84704591111716,291.23649105370947,304.38857164525115,305.3455456595867,312.1552066138706,294.718695176333,325.00873629789737,318.9802836800409,304.0677592429043,332.37059212699734,343.2408651955044,351.21707561519594,378.2885012668277,347.38632130582465,371.02388714635526,383.4743926477123,373.67388828232134,356.6184822589912,328.95489525070025,359.83008716796854,334.76393440103607,317.924631902198,331.30213447206086,346.01280512408033,322.2666144462619,344.2557956998558,344.9759045422012,369.3678720102588,340.4778492995869,308.4759492361452,318.0652759407497,293.56694173843687,295.31337493976787,261.30098808968347,280.8960363280575,308.8631482405526,332.5849415780528,364.66963849858206,392.88634132469736,388.96760260502293
371.37231920858574,399.1051759665937,428.9908916415996,462.0894080238622,480.871614462857,460.01083255875363,491.1576220865042,522.4575247636396,534.0867202375476,559.0963388820115,563.3786883634882,594.4675745423087,563.2750445349418,588.7525032888757,556.3194071902262,545.0569008454877,519.529695828556,518.0691523009598,499.32638336043266,530.9714499138124,535.1239432695511,562.9650948108118,547.4291876443924,514.2476168406516,533.5434670985262,547.7099032965642,550.8943184937577,572.9683095748026,590.0801633099577,581.4886838956697,598.1767512995235,589.6788833393407,585.3556312271348,568.2981879794662,533.4488392646775,515.31482643727,533.789261914294,548.4802497248962,536.6517998630028,545.4426080806935,524.112731643813,507.56667199264615,538.8852385658209,532.8078786713126,514.9570102722323,514.0545875509617,506.1456991360774,522.2127317505148,554.5608592048765,560.9824789169149,567.362782002499,557.0391292378487,561.5632944761194,548.9163151232191,513.992760325083,539.619492426577,534.6805784130964,534.1267723668763,504.9718364466912,528.5695723850687
284.72808674348437,278.4715678583865,302.2901561528582,299.33496196780453,329.515625450457,309.16762668990526,324.23392478673924,357.69382143606015,361.1667760414819,374.6196489465614,367.14551511863203,384.7391288994149,413.3603128560759,427.57420254961295,458.0892123462815,464.2948979857432,469.6945188173106,456.0184359849515,470.69236036641655,497.4290368893474,507.67117271837253,488.98391816027333,492.0715561907914,509.98717537739043,540.7426074184832,516.704330884922,490.62912725258127,484.53517436888467,458.3279562312674,491.9579801066257,486.6592858164048,489.01202215115813,469.90816684165213,466.3469954892372,500.2755709295226,499.48367152521047,465.1013463315245,447.07827344906866,480.570111582564,514.8048375213152,494.5393538053346,502.6078399544043,472.9914230897833,478.41233806090736,452.22678716495795,474.533093819944,505.3033429521011,482.41241951556486,479.8022713172025,451.94528121042686,440.6850817055351,410.2419245387719,393.7601814999918,428.0758381962429,396.19806690874105,421.325849982048,391.74753042483536,393.77731560305057,390.4257010729648,420.63452727440995
295.638947668334,273.2166887449085,290.62667494465677,306.4270380616815,320.36976199617743,287.19866012824406,270.3958381989877,294.18850064878865,301.2485691507627,308.4022136020154,294.11637598035225,277.3284921793386,308.5873343406164,324.53020386034126,298.4108321064699,329.0503180565334,334.81622868379725,323.1515943707934,315.9513556187653,331.7296713434486,323.0687569614745,328.580892899777,343.3158576651653,321.9921074765828,353.0890115135613,343.02110551403996,337.37733850942396,351.2733442601714,358.8883005173149,354.69668910305745,365.17863192411284,393.376613454156,414.3964666193353,437.0945973161694,420.1831859158813,414.54142036671595,418.3087602825001,386.4021176238039,405.2875702502166,392.93000995927287,377.7117354221439,360.86217607707414,345.69872465647865,334.3597629075269,341.69748197285804,347.54705450586243,330.4468772579937,309.8965766181182,332.7416499231132,304.2322835604588,305.12988244452373,306.56914363777304,311.75872011458654,338.75422822808605,347.4282040347198,380.5825676720814,406.57728350649234,386.60910167059717,368.49193338636826,357.6261229004302
368.7754777304499,372.48513615198857,353.76102045473226,334.3251831326959,326.02248014846145,338.0640980733541,351.2328909900873,384.5610627929076,363.73014316743456,356.2302837974232,388.75770865315747,402.0583206397461,408.51781737728743,411.2930409753817,381.57876758491966,409.1149342020334,417.90029928109095,422.91701783605333,425.6820418685823,418.1160363810601,400.94256477632257,418.81510374973647,419.4848299930528,386.86059725329824,379.79721223734964,409.79946691294793,400.97208622080836,394.89839677559854,403.575675389451,424.6929116565628,436.48518989589263,460.9890210744989,433.9669621673478,463.6884408996532,491.9629761684502,493.30337722944137,502.0353338745455,481.9322473886436,478.28856804734085,457.4778033117277,424.0161708375991,457.67938560649276,440.8196417062071,447.3372233290556,433.354750176706,424.2982635914364,417.14157269219567,405.5948438849287,415.2128270387242,447.4783659729266,442.4827914733629,475.61566215716147,487.3614687712963,494.86100242276694,476.4582720486915,445.86272146164816,470.49815538207616,475.676829858175,469.68580022791673,491.5235127741106
338.02054537938113,357.87375329689525,345.83122177530106,375.2929048235925,359.0505860355687,333.6793742657887,347.5461438502475,323.9454515647815,355.4008650850105,366.2897229522311,347.4499692421479,327.06729464212793,356.73854738055746,364.2886012800498,391.850121747119,364.5658860863267,394.343339776869,395.7467916164552,407.53632575964974,398.6376087675394,367.7774313079472,399.8355022018752,434.457385239469,424.9756646527,456.0464197353386,432.7872601026481,408.61517157874835,378.7330003793904,371.12185891028093,339.7830164229929,332.40901969589567,307.09634970137245,323.2332953914795,346.56868084502804,359.7157607907682,338.7503514612991,357.429724964856,339.8947387571853,358.0589405449822,362.77677078772956,353.44664692811426,324.2911133892383,347.21677907573013,377.9924835316059,389.6067281316505,422.12463780019124,452.5124371332006,431.13502518946336,447.3198895913383,436.7712269519769,435.89744219157075,411.88502237199,445.11958233602564,460.9491991513742,444.632780825542,435.63579913730433,430.20960401531926,447.5369647053881,477.33577337925897,464.83658268817896
399.55003354655946,406.07456364498853,398.6086431130106,398.9013357486086,371.3008697800157,348.03807692042733,341.11516492583746,370.16089574977616,359.6159589519005,342.10145555425146,359.10181101370074,390.5409226390634,387.6795758335117,353.2819227232145,366.4523759265078,360.5066320396379,372.661819602773,357.1019757108172,322.2705457780046,311.3852810901968,325.72074507310276,318.238674883746,298.58086465947184,296.06134514885895,313.72574177974593,287.08605785520734,300.5087002104727,312.22278187674897,303.17443345470394,336.09796685126855,363.72733781489313,350.858641471038,318.03501800860704,304.6163544807624,283.94689045863544,287.2545244419669,316.56663392471773,342.49025962734424,328.8983005238821,323.9001278727767,291.4580818083463,294.5495273437868,263.9852859473378,294.68771758337476,320.3730860230338,300.366219873659,314.3220274640022,319.0834542343355,340.1784941104683,338.4741415830747,316.89817952967917,326.68721753827737,297.3068404279935,303.22799980978306,283.1173361922951,296.06288679094433,319.0259081119119,291.692639161657,284.7114378120584,301.0579489563782
282.20716337716624,286.86382027966613,298.8925490109667,288.7281015177235,311.96686071190555,312.7129336651755,321.6025724610112,296.4636682303457,263.08488044763254,231.63728040538157,262.1563774155943,288.94134431297186,310.47274505430084,289.4455914407411,291.22769707720636,311.9558941155925,324.1827368034967,297.26922036081237,324.95710434768205,301.2048718421394,278.2305703810729,306.3011744230225,305.2243601596386,296.3267879765913,300.08275993745525,333.78057323570306,307.1547051025761,325.14112451802066,313.5439348751096,286.7373838344432,281.27271870914893,284.6854201499179,264.1027347908882,257.47159692765035,266.9689187107107,272.3202800911262,287.94152167496577,311.48983898058384,305.12966220444,299.73737148679595,299.5058208986567,304.15055738534795,276.73314458200036,263.61761937563455,240.65004505202626,241.4727236078997,274.9679555130971,280.75912248076565,275.8158288752039,280.43141154086356,292.26677042076614,287.7135128510942,284.0531991487963,298.1512782055159,267.411659029915,270.21729881009907,273.53024566533816,291.5029039443248,325.2880366078909,345.99087168296745
411.4396728071779,388.3013953796804,394.47966339400233,417.8805854638903,448.1495699190636,470.9212964836506,449.14909892903006,464.02940943348324,490.64025575749224,503.3114434213805,516.3140862863556,516.3254463239311,525.9137818727165,511.520432218328,482.73713829333013,505.6771816255082,536.6972831429143,561.6748466193004,550.0487953839566,521.5959059755116,506.2055931097101,530.2040694164031,541.1110849507281,573.7796820379338,559.7587229462179,563.3617713666329,583.6644468813088,560.6765526867634,593.16285091294,582.9470806558074,548.358171882301,515.1189011762618,541.8740223243735,552.0437292676489,570.4588056021192,586.0601347309281,571.6373795317052,587.2394808227318,597.0165171325121,568.5561754547559,584.3283203145604,564.9246583341948,552.4291685479645,546.3220081205116,571.7823745140776,538.1767067169766,533.551541193695,546.154876663544,518.8839587433205,539.3417105345396,570.2748923873544,541.1606584672985,516.86702811546,550.0538338616942,528.9037287166962,499.4295060159205,531.0829835636334,558.5665732502963,569.4673563416155,570.6040828017633
569.3084245950528,577.3705710386914,580.3135945450522,591.4517253854866,584.8994475309607,575.1339378374342,563.465029256711,563.6844017520979,565.2579071882014,555.4230777306065,551.7913663592307,572.9224016596771,563.7785512637137,530.5677349281938,515.3790874523633,496.6010179387821,517.1517587670198,513.6022728600465,498.2240108725058,519.9733527414195,486.31852906038233,463.5160880515676,486.40292540927356,489.94854634550177,509.1040305660654,532.7763515994108,563.7137958006085,533.1535177518422,554.0999497827352,568.7135801581236,547.4365660425866,577.6557246863952,565.8343885929617,592.226513415697,583.10933634416,575.4426368695212,549.9434617285665,578.9463954286784,575.1493018638794,540.5139365861922,506.79385446111206,526.2281368123754,502.5636815488627,509.4753720428328,522.1511093782115,506.7067008846062,511.5586674734051,493.3767796926403,524.6188596083969,549.8307705528385,534.9937659576614,537.0107803241851,537.0550803249586,569.2567083814638,560.161457383187,564.5173862066966,594.5268478488173,566.1163242949801,569.0357960714874,541.0064261399566
454.6495940910302,445.24741832812055,477.9819434506926,472.06058613108945,446.59372075900893,469.9737180239972,492.4343864236012,506.0745597915961,523.4913859234921,507.0214511617506,516.9651961913453,484.6265871757228,463.40889724802526,493.66845857674133,510.41492937252747,491.5620072417755,464.3588235081257,495.7831846489208,468.6363212731301,451.6312246364374,429.4156041463994,394.93807157522315,381.92750576208624,415.1200267739996,404.05325818065455,404.3545997433987,421.5701046179234,425.1457117634685,442.19711728233,453.51162805566605,461.1110396655971,471.5864631704193,492.5279685158969,507.24136615197415,527.6656106013376,502.85744528118477,515.2946065709225,531.8861404337098,517.8837907084882,544.1042036575179,530.434015888707,512.5022642450618,538.1990413286976,520.4904299968475,514.5756023670735,505.3302004696509,533.1945280487299,530.0610297288874,543.6626550596225,564.2453783846905,573.1986290369929,596.5202428037198,592.4005376776777,574.4491248344567,597.0216140614727,581.9441195330901,548.1419792805173,531.34290885622,539.8639799488286,515.8410231115392
441.9458570594174,432.2577186209445,434.6647022250237,399.7959415761514,424.18543640296025,414.5202205472472,389.3313109467039,384.98542093705953,384.01783148127794,393.63602121601116,395.3553920406707,363.4020427853651,389.4079053308086,386.36353055589586,356.7526746332065,375.85065119024944,387.0614605050642,397.5221045989097,392.406084720399,386.1408791038682,388.6845836509822,357.2261925539194,343.15323604917387,377.30582819854,388.6593024375053,382.9846940167178,363.5501112225495,380.71476655556586,363.9350882349993,340.30099550423995,316.11703852064005,332.1654680621713,342.16218586238153,312.0486128183677,285.1016098937219,294.4708906084723,299.4490177395234,312.46895196555033,289.9316755509787,305.7928289861804,336.31958169931886,343.3931037167997,322.12220509179457,334.690274961682,323.7059928099065,292.156135056907,278.31984373158184,306.7108008680911,300.49055328040936,326.01712694258583,326.62328098918124,327.81174021635326,293.17688269089587,302.7741678211239,275.3211369732533,273.8335260009971,257.055705897064,249.52251350511605,254.6535809343032,221.00747737707155
328.1417616432167,362.41459704364723,331.4325358510864,318.7900800221022,306.28958326962754,297.8465977349209,310.7812620258851,293.1233279336926,290.3421820232163,300.4826317028878,288.045175785889,319.45925642111683,353.0363408671045,326.4134906052303,315.48088251328704,295.0389273997403,273.11419908873836,272.4827877724179,276.9506853418594,271.74632818369133,255.8251693005066,240.32867949826135,274.89314078337725,304.55055696269477,274.86347583194976,285.82202147167857,282.80345399561764,296.02044079955897,302.8076901873977,330.05535819316697,299.7445401933847,289.2163940374241,323.200982841715,300.9609572710582,274.8742980365235,290.90233845656377,310.3227996577862,322.3819479950124,341.7156560082072,355.27616605472923,329.7801138149716,337.35564663846714,356.7370144176344,382.32317686034713,364.5596438482067,338.4797971139044,358.15612816468496,341.11451231718155,308.3495757996437,331.114525255095,331.5339046218552,319.39822389184474,285.19826125805315,252.6711823876095,273.63775390674925,272.91716585428975,248.39770930504196,242.72843554055498,229.54280755414183,225.0280612997266
324.9969718561746,328.4625701785424,308.1630327253983,297.220008415332,295.6751702922842,290.07725203510483,264.0811979735951,231.80179246110728,221.6595319795993,232.83739890997728,254.38562176831076,229.10723051271583,254.71151340140966,269.89073920477614,235.1667835667689,221.34185475475164,227.08786879143605,222.36200954075287,239.85204616852243,222.17363637504914,249.8372645195875,251.96231206236266,268.745507468282,286.2946860337909,286.7681618107072,316.54356314844983,350.8604173183214,341.00544533933964,314.815935156786,305.24260766213666,285.8773804531356,288.0477771474581,279.5349092351262,278.16636823520156,296.5894985605217,280.77096677845134,283.39419750323214,271.85548495624033,291.80274544468665,301.5703097132254,267.16564084896817,278.36923472633345,255.28057529099422,270.99374060520694,275.707447284389,268.8112347250112,282.3958847695193,307.3574147803339,326.86947475067905,330.04602411071255,345.6346265288796,339.6086453363724,359.8404738457914,382.87410625938867,357.4846748407366,339.14687001231283,323.0460816267539,299.6718019555003,292.14925243831976,270.6615772397926
446.3049381521116,418.4180191549447,402.31235986681764,413.8988050830626,406.796963702397,401.2993556321356,422.15412333922285,456.0699320695919,460.62467689738685,431.1593788998394,403.3625870954939,436.157637637553,448.70408152994605,466.3769198133134,478.6803828513013,456.2536149699621,452.63896622769545,473.504596861051,499.1500042669962,480.7634902992422,487.4808156576097,463.4779488493014,495.557329967824,478.2116301972981,494.07608919957084,475.25399529545064,483.37777129694854,494.5262727885345,482.5162400303672,504.83461061019085,531.8105734875123,556.665468605292,544.8213439678221,561.9251620987079,566.0895149395536,571.9278202408577,567.0400610398033,572.8337720159454,546.2668793313809,539.8861856496028,517.323208988759,501.93059615675884,475.8776136713082,455.75230603684963,475.48735394198974,478.97590629442664,445.6309245902831,465.8276384564312,494.4904261714955,521.1204754762801,543.7316572774126,578.1868082734782,576.5021750022621,597.8114576401146,598.0975915734268,574.6568551414861,591.7591633588962,591.0263444328634,590.1410526597044,595.3472645812083
365.9922037697169,358.99605138183364,368.79971302608817,385.44603067309214,412.0276278591252,438.3368003052749,453.8305740123131,485.8130684598197,463.31707178605666,494.8408610886627,464.3342648310162,468.22779651445046,439.541583505019,444.3016517688885,436.60933164078887,407.32199184595595,417.69016819764914,433.8740281712481,411.06700712464675,424.6775774762606,402.21090591660186,376.8286573686712,352.1440860254034,359.07957885220685,378.59493542106907,385.377494524236,407.03209623551317,413.435510110439,434.2479974248331,467.60457250416414,459.97175906193985,435.4677114468225,409.9454882661695,416.76892003213135,420.0661346420053,397.96261113994746,424.7099585266846,456.6823443184778,439.40743933570894,418.8892444987836,398.86377416031195,390.9832812387071,415.70918350963336,422.42642620551163,392.15516642679853,390.2637023888432,361.5869202008097,355.0219081814005,348.26831814263267,358.65300474230787,362.1147824297249,388.34761719346096,354.486879980044,373.6667975266695,340.2528813935784,326.55316938692397,353.1295890594934,366.45858107689196,343.498348562522,342.85326665035797
494.3235887716346,524.9376212654016,534.3401052106759,501.06738401098085,501.0465141897207,476.75382893167864,445.09839746492315,451.99414189263405,471.37867506836375,438.90291395311203,458.7541629206984,473.201314507504,490.84039667928926,472.9713827693883,465.5230646539283,438.90562255843366,420.6279890748463,406.82326607826644,394.1838308458415,371.4366230126183,349.64644887759835,377.7493768630496,397.621929900142,386.73536914454263,418.0704169082099,399.79500680367255,393.2724385451761,415.219210345596,411.2212562598499,392.6450288634201,383.4425115969243,383.492986663152,391.9380935193756,385.33054849008226,380.52185166848045,363.9979045645802,366.47221545379904,346.8341518176673,372.5609870852326,389.8766820038737,383.59621119286663,400.90216048516595,366.39187641182207,355.50612199678983,351.327202367065,349.21309789526384,366.62430133498754,399.02082126430753,390.6206203953037,380.16260986225495,387.8986757228827,372.5864287162932,347.48095208335644,379.78881301781036,401.4559099944419,433.5508787061309,413.79918021400505,380.045825261882,375.65413556354946,406.00676297296013
272.5636287712684,245.76661536969027,224.19002731893633,249.98107627762212,271.0703520436444,284.7466759400869,253.47710509865044,269.5286913882457,265.9327079805638,241.98531751612614,236.81784941473262,245.96835148631527,240.09830682931923,273.4315404425033,271.6634623620073,262.71399807965736,274.8355781074199,285.37373208733396,250.5444817157027,260.53753800991603,242.6013662437484,241.61397041608132,259.9892152034943,264.006250674243,254.8121107650998,231.68727002567763,243.59958336920602,238.71471591980216,269.03765788392735,271.4419227041609,297.0594022960898,289.3720742899356,312.29267575509283,281.25025890713835,267.1185906968994,237.59090601002833,221.66451167917634,253.68963552520373,269.2414527722244,277.99915728501736,280.27365394384566,285.1424364790246,294.8507631760763,317.71134880788355,324.49354771357054,341.8942011313323,326.56266475941374,359.93598640656677,327.1687909971588,319.2291526665709,345.9726212718302,323.6092286598635,298.50289516521957,289.08304884821354,284.05667788439143,314.3942621307124,337.9226295603298,335.4089041986658,368.51716126037803,378.47664955151254
551.9903181531187,534.2143067871964,533.4417919881952,500.5219969231455,466.1436104517969,480.52533591755946,453.8058894901515,457.15246608790875,470.87298984261014,438.1294108786849,434.5413088188826,447.43194440789136,474.7131135577309,460.65922059984683,493.85437767774994,517.9722826539287,528.5167376996585,520.9515232068877,535.7292495408526,557.8627783757773,544.0937696178363,578.5918741613284,594.8453899099026,579.3405109450533,584.5728547307419,575.9971273820665,585.8942158244414,591.5038254451014,557.5139177578228,528.0531598368683,516.6058789482393,545.8388332325037,538.7179840525409,565.8438391166757,562.8239931765423,548.0436975983524,576.0888604127271,574.118614342999,561.0653977320151,529.1738879859622,501.9392072573379,476.69093019224505,467.2294705209875,474.7427774230916,461.2740854326267,430.8610197961627,414.397631408376,408.00534697134873,442.4642419784118,434.9733253109775,406.2170046232986,411.89504163647393,441.2698467203142,461.3385456406367,484.87382728374325,514.8500530109063,524.408098247894,559.052689393639,526.3823992852145,549.8211766152639
545.6640544184595,574.8330817717971,568.6030644285973,585.9076437352251,560.4846001891565,567.7037159516315,556.8392019976534,563.5713575439917,575.8605930450727,561.386028169079,541.5227091202801,529.0408627404335,540.5178698979545,552.8990662550513,569.7912517767381,543.0425456261812,565.3387629439935,578.2759900767077,545.0063603496183,533.4982098100718,531.1679977235252,521.4112220506023,494.6304042251912,474.14464414054174,440.86394178425104,412.37934307893045,396.02035131964857,418.41826991414973,420.2828956097537,414.99774795813113,426.34915403522956,429.2548932579799,403.46086813087373,384.044503598567,364.62106886790957,371.6177447507735,368.93145038402776,361.06240476328753,365.0271468650127,397.9352518697917,384.9287937937031,386.3424741480493,384.9683752431374,400.1333874653466,416.2537062241507,432.2886567230635,411.39502731877565,407.8315468640588,429.61377523609843,421.3208871739435,455.21874538423856,445.7538173096925,445.5904952236303,443.8072868598086,439.16375303265556,463.3579488150291,439.22721544339004,443.9637448923688,452.2658553072485,476.85134687210444
451.4960607719212,483.6974851170658,509.7492249753308,499.161021360022,524.3544725303805,556.4479195169224,539.4517221816435,547.1663386481521,531.8926125121016,542.3623220478568,513.9173183661483,530.3104798969823,524.6978678986563,530.8093704060069,497.6197385826518,511.30064044737475,511.02003523684175,519.7876057749907,506.88436384132285,482.09177598082186,477.5718019205518,508.65034041059727,489.59592227636364,501.9046531188312,470.39370120124914,485.66068616993414,467.3512892460387,463.95748346209194,454.70020050372614,427.599024535941,416.7897612117653,406.2985082922883,407.84590302437095,440.91051033017004,438.8117369059142,467.8215678001985,465.1306038995774,437.6586349608232,418.769337630139,412.295574954171,400.07138906208394,425.67943918935833,438.1846313431169,443.666222977424,443.05229156399236,435.86123484422706,443.7147056324678,417.4372072135745,393.8145303887579,380.0326751265269,357.0155982788021,369.41250861053925,336.1462911089764,312.3587155256489,340.54128319056514,375.3693035661112,374.5006370140777,374.1765421256008,393.3144554822215,360.8477259156617
382.2681631223717,354.25611484941885,347.3209616353729,381.1884905143941,398.9428201706294,432.89603146859463,450.11943526553677,457.68714029199793,475.48259859690495,486.6190157048739,484.10363779800747,469.58188117837216,470.994345331777,454.08888850487716,453.1562327558273,428.38571117030335,432.9633680982062,415.13322645505355,400.68579373096344,400.61776365573064,376.9946013672413,409.3611932217556,405.64729529925694,395.3068413731295,362.35060372961016,386.37840914746647,395.1867832189134,389.3351440578042,371.5224400114975,388.68205931877446,419.8652796206912,411.5219590163326,385.9632838028788,358.6069161119704,324.0522541753424,341.12913502936294,374.8268120424799,409.32405473522965,429.21786253923443,405.5707270199575,439.010388933876,426.9573299440126,415.31070260849066,428.4242893109614,396.857732406173,419.6616134997021,454.4724228538442,473.7273073201384,493.4446617046517,485.76661864431026,455.38111587540624,475.86783627181586,482.6689023551519,511.3226105936978,484.44001360537607,470.7986280219636,461.0445587826007,473.8741383807291,494.01629979794996,526.2877283988594
332.2547201631787,331.809268762676,298.8365338683669,281.5456853359891,272.7259309043639,279.2923653611453,277.2515499130875,267.76480409747734,276.45026175453125,299.4533591527213,281.37103846165655,270.3723500098854,284.7170054879768,304.1728474010739,326.9506284224992,306.60381374529123,309.3525010324003,337.3532779291702,329.7898097855746,324.8816261010835,358.8192321741315,331.7329173964069,346.1250566587214,370.6379455515838,346.193491715965,361.20521823647164,359.0868937772026,383.7892557044276,412.310917882941,438.3848611037611,407.891820734292,425.87169011134023,455.3786203603483,463.8730112073135,470.9343354408078,439.08471255867556,464.00702411309123,432.25527337113255,419.2009458180597,449.0113603881648,480.49352037923063,514.9265582125452,513.2747182054472,490.694786452118,489.8509005301539,462.0128052859674,488.09033291386527,492.3279392425206,485.6433521841935,456.2105013578498,449.5773487350139,475.21076132232156,489.44917659572644,460.2210628214941,436.4145668023264,428.87616115185176,400.9724169398661,431.3553003793951,442.0157435035564,413.65335359483254
519.4618357045752,510.2502507046112,492.39119582333666,497.290141759115,463.22619107755287,460.8040272848507,484.8703768015126,514.8344085205023,503.8132378296531,513.7837990012061,494.6614396870245,498.8763546559542,481.6582954866774,486.6532510905991,463.67379930112526,494.5600782743773,521.6443016228877,510.2285790843065,529.5949813090525,501.28027046030616,518.1055340696859,502.87767314257513,477.37259694988546,489.8459822031385,487.7324594504957,489.8422315716268,491.27931646128127,460.44067520870266,429.03729264519006,436.11901792155686,444.78954288643604,413.09176184249407,404.5825150746413,412.48210464387125,423.4497505465866,446.4290536959452,440.88031354772687,444.2583582280147,449.7575845206319,436.60075435165425,405.3685325225671,370.6643473569244,394.1931264852211,373.20935406178813,382.32718055292764,387.720504058002,380.69481942983833,404.0393510388827,417.92746273741926,384.51936517816137,403.8879503131293,404.3778675732527,393.66921780905193,409.5511437648694,422.5757378401082,409.31691449093466,443.1296354957864,453.5392295656091,460.9438094373817,430.8354348811057
326.14113653100026,322.42931669385115,331.5731159955285,332.46657014665493,350.87887548965233,334.25861536240546,348.40960503217934,370.5713983145607,389.12489660536744,408.0841575265298,435.2796515348814,406.17214950851564,419.97555950470286,452.7830335828551,457.9385790740728,438.15072091298026,473.06348731717515,450.29089781467866,438.7799366309188,415.82428982012055,413.3401906326253,407.66151130539237,407.04837406113245,437.00721206501254,435.4899190734083,436.5137619083634,463.5815093226562,485.82456890369446,467.60511108947554,433.5099279554951,442.57489940963865,466.7143870782651,470.4138949609931,450.19627936189227,467.0911357091637,478.9588854919526,483.5111631105513,508.9446952920201,528.8416599977525,540.5983063973471,552.1314132289724,563.4855976298517,565.2471297740111,562.6069960478807,577.279028212791,577.517362953981,570.6827377763074,543.8292492894118,557.9642644951334,568.184164435591,556.0517789876144,545.9944006226698,528.2649675121374,560.5990354576887,585.8131308584993,578.409376050164,566.1391782253253,581.8775713878024,574.911773750701,598.5489314622047
240.94659329041872,221.91817001875324,240.99207823607736,231.38202614056627,248.02885151063805,269.2521960332931,243.9198793162342,245.96058339498725,261.981547171997,285.351997119105,285.09608342165,264.5268345050715,270.53278239606584,267.3489772068158,286.3837570971298,290.27408159133614,274.8336807392663,292.6411851197495,293.88347602708666,271.3117346865696,275.7267973065092,307.1092014957203,321.49533976136183,307.41157506342034,322.1726973339204,306.9551391040729,309.9433577319612,311.8050611970899,294.1224227209162,283.47410671250344,314.42680854752666,296.96870609660704,318.0405991507761,329.7565397516259,332.0405790284294,306.6666198909909,285.9865725804373,263.5150062317656,269.59060435992825,302.7274281302217,329.13417652447134,295.9018083295417,280.06267204190596,256.0706941674975,289.3681431003506,270.86085952219764,249.95278247491322,260.32757788809636,264.2606387383314,245.07024260301785,260.26898004529136,232.0594848359196,220.91149826916669,222.9596386138047,233.85026599970035,267.6298069707359,270.93709688739136,288.76792409847405,276.2726267546832,291.62636133851623
587.1488552864959,569.2681234202145,599.9381748800874,587.3219929379717,588.0133395880385,564.8618360068185,574.8781898492255,570.6008106855061,597.1923657124903,596.3959890683517,576.7091424135407,596.902992253382,595.611702929804,583.8659174135898,553.0649413434575,529.3202581896251,499.70145531679105,472.2609733422253,505.64763954974075,485.4993504948714,498.85917125871777,508.41614929651166,517.5962898362219,497.065569807944,502.61983141486667,511.40751588581327,516.335888050971,494.3672607602685,509.9815025554981,480.10852388965384,486.4925247170274,482.0306779851193,464.5507395044345,486.0679687362642,463.3804484033171,493.68917159617365,520.6087235786567,510.8498518800025,497.21055704010405,471.8346248794272,500.9775719948041,509.9048021124331,477.12965286247135,477.8996118817841,448.90553822984117,454.0680861765401,454.69540645899696,425.4946296441875,447.60487116236163,430.96707356400105,433.87097905567,443.6037004198074,475.96501777006904,475.5318362716583,504.74394033181295,494.5839542261519,519.6045583416516,501.11239422825076,515.63597759873,486.8388171615798
594.6991355397905,598.143597094304,579.4420011258943,573.5507933771012,575.2835844056563,556.7078416241387,568.9208420885001,580.0812272691446,573.9177838174712,547.9421127348098,577.2851288072218,548.9249409161615,557.9669927258973,530.1831944885802,505.41024412788477,471.8479261099028,462.28341197987595,472.0541914894186,473.5622868707196,485.78002745811364,498.0313477190803,472.843509798677,441.8571280381971,450.632197868624,461.357899216891,465.3271606768103,447.53053331949525,469.284098508253,439.58211959299103,448.8439448454862,422.27275235704224,433.0840925073683,427.3248976550131,442.5921115356501,411.24556570903553,415.1013749026613,390.24282782426684,403.009542037,376.40643622881777,346.5572688354526,361.4758647083055,330.92310012808525,311.6402573832914,334.37172118208844,356.0499027286643,380.8387057733186,368.6656980445286,370.62906005704326,389.7633747394739,364.3523607902495,380.0597223353498,351.8837667929756,380.81130939685636,390.4230221726702,389.9543940609531,388.8854418876546,366.58078523679836,355.79500130862414,371.69365788082456,374.55971134063174
421.1363575580999,399.80357017629046,413.12893201304837,405.57130508734286,383.36403877804025,414.4289713897833,414.9048836703757,416.86744899624125,450.5634827112777,441.2119123132122,472.2233602325837,485.8681355120673,495.1848298042033,476.5941109401769,445.2170080073222,440.8618766872819,406.57384402698267,376.54401978090954,383.21689267951564,398.92992099462754,375.68630422932694,391.9613331164911,423.44214097812375,440.4644666289575,460.3945319992098,474.4444126179958,455.17603344982837,445.4383294007369,476.8870167946241,488.1717573225324,508.4034886979174,541.2121120170448,522.4126964529314,509.93076316579015,520.0668788642051,486.77190202908565,491.757237442445,513.3654240084599,521.0964601761486,506.7739900488764,522.4612758824007,497.6834896099969,525.3176324594931,497.381684632325,522.8260639956954,522.6727239372317,517.6780141813779,517.7243374216581,496.7387786381626,493.77676920727953,518.2571563201857,539.3240232755016,515.7374206898947,527.8768891589291,552.8554977065089,575.2392289098256,565.6753519222601,534.0093711543135,564.1912307624759,556.9031888718403
357.17112215741065,375.3371682709276,358.81522335536914,382.2475779770796,352.57118723443165,369.4209712845664,402.02623561547364,436.7300513966658,466.39635660115744,492.3497249795991,476.8713406916402,509.5367260757237,539.4894876427284,541.8955631344915,535.040998942049,507.6897066911222,514.034092138881,528.0723085354348,521.3520693581418,514.774138602279,519.9059359522803,486.8508226657816,518.9014354128541,504.19483490962375,479.0571952334454,444.4413829628667,469.42379085986664,494.8483071658435,466.5197694820832,442.17666068429924,438.529816872343,416.52910898698514,433.03658856555813,402.0993707649587,405.5790240319693,397.3744335899426,394.9206874484002,389.6536856870923,365.3748284645181,345.79453243611744,315.3310713598473,288.40106163078224,321.8536992001063,306.43877601751393,292.9305637712834,266.82800690153186,284.68950121630445,314.3794979294142,334.6620355240798,342.5451435844718,364.47144767721215,357.76756398251223,382.93237883816033,403.82869831283307,368.9494234107754,368.0950128550016,351.6181731805474,322.6544773262861,346.8882003186303,312.44467821970886
497.46213078103693,531.6355792508399,530.3769629202764,521.3638000161768,528.7721068294068,550.1009547647438,531.9185943290133,514.4676943697609,521.9701553558402,552.7617428156416,538.652541118755,530.0253675447859,564.5586986470062,541.8942502114622,512.2820219977335,518.564888719376,485.2635779088903,462.89390409812785,471.44854674646064,482.61441479485393,483.34418227018733,475.20654550624414,480.5403764157735,490.57737912810023,511.8211223685158,532.3136803432051,543.8497339292514,571.446014755244,589.7058593569801,560.7411227933245,592.7086836859684,595.4216394638984,573.1234110802986,539.3723540530295,546.6506703261097,542.3399007067568,559.809567087786,561.5315506033896,531.8858810709559,514.0140004887902,540.7906634176472,508.42894211770073,524.9958189755807,510.431864532181,507.11665074515577,509.28703097896835,491.79272599047243,502.42995700030883,515.9709122671602,486.9250758441145,478.0999711537139,495.20638223815433,510.72101142703355,513.8432455004003,533.2804800911613,505.8156226039503,479.0904113530674,490.1146623738115,503.6480331264705,525.6649129989454
288.79401355383766,289.968029714015,301.2262205135058,281.8851906815368,283.0701412731162,292.7612929804579,272.7727587838955,264.06219750140536,244.20591421090492,273.4595601369449,255.03548187204433,228.49390569105012,221.52904180410107,221.64210727295372,227.0201233736754,245.55699668203758,221.06882339220843,230.34251598085424,222.6374331993833,235.19268000248013,222.4381966574584,242.74526851075223,259.7532440617129,275.94687253677637,256.6509104420142,282.44592177933623,295.7660934925011,264.7316088434885,260.5852784525884,279.3282329886621,266.09080785907815,257.79992203258666,266.87218994334467,235.7558515514575,269.0776113759224,246.29128211860336,221.63476105498623,220.19500617515078,234.06231869541224,263.3835204244439,285.76686596969887,314.61007184717755,316.97483420020046,313.38707057146195,305.39733889893756,273.646604204329,302.3130921456897,302.0454186056206,298.9001387792263,299.96186287021453,320.55267913820853,301.26565515698803,315.95870268663265,330.712584546415,355.18127930448776,320.78913119695864,297.7168192234179,295.6900988665508,320.2279259888543,352.78610630281315
446.0500735781725,425.8994518577839,403.8203805655091,413.5814573445478,393.2862976387061,397.00241731316817,420.43925235324133,412.7266277455876,404.21968102752265,371.7495046098978,354.53542509961665,368.4088272729659,358.6362144322196,334.71713864251416,307.12088000573704,278.77461647628667,289.91395679453933,297.79746031008773,299.09393070223365,299.11678207337343,274.8363617615244,274.87865749473053,244.07430185675713,274.6944420601271,243.75637084030956,244.88509719325566,220.0341977682068,247.54214994789476,230.39264084826533,261.98438061178723,230.06282296202676,256.9869943469506,267.95164124404175,250.43314156605408,233.24495094653085,237.25615435043096,263.28914892755336,288.62610731103524,265.896083877738,255.63744665564116,237.26184352879892,226.40954131317815,246.76917261975785,241.36416693840806,232.70358392502692,261.31119746713796,278.6934526303876,297.85673303913154,265.6004454219611,294.6595768681358,299.89126332633225,300.15745965424856,265.8984338761932,293.73478860658054,296.8071215406006,319.56786390443807,330.4536311561186,351.2221841018802,364.72740650092635,394.1948796644342
305.6839908090289,284.8309981403324,299.70890747649094,299.80654351733375,306.74782544077465,321.34579828416054,324.6657720741607,344.80431341079446,332.1250283263041,357.2543593782826,329.79170408307465,339.1719824703577,366.48125799723357,349.1698469503529,337.0482741950268,323.42919868951856,327.9276585137709,321.8286856033313,294.38583555297447,321.77594107592665,301.10330511703387,303.48890588623095,310.12524860183925,277.97787765716714,249.67774059297074,282.8466950280214,294.36255883847815,261.712121231728,282.3060666774379,282.9040633268619,253.16803337235518,266.40553173802266,266.36015814881546,245.70454422658008,273.28051639378555,258.67710647480334,243.59607095653487,235.98346015376853,259.1275510309991,273.55585795763636,301.7760559405614,282.829801311461,302.8753229994576,307.9885133564243,294.59608603211103,262.0778753006536,284.4042037902313,266.2791997961662,275.5012123312106,278.92196785539744,244.23343556067232,278.8983893292019,300.90144423521093,299.9544331797787,312.5783290967455,310.9399256580996,328.0609646476107,302.4639628549333,298.7085325213154,287.19613491641564
394.6689925277333,391.2020782279588,366.21865471250237,399.57285466213443,365.65730465730337,331.3624107945213,322.50330309187734,330.92964754615457,308.50537342319956,310.8289536964908,326.42299145393434,298.0072340867449,331.91680264786027,320.4858479896109,330.4549269547183,303.2053170277786,317.8693642382715,341.7013085326455,314.07126849578907,287.8816893016937,272.55500830879964,238.3905153850727,272.64578680078273,279.5326720474682,287.0639335449164,319.1912854205309,342.4333332228908,364.4303383906752,353.19550428378903,341.6359418263142,327.0575990131995,316.32630233754185,307.19191563273137,281.9921738613729,271.90852425051946,268.1808167176504,254.83513042991646,231.5470270874736,237.38114391875882,245.19049928049995,263.3810014391237,278.1676447423506,257.3562969181833,224.92217457995991,232.12833754689015,227.40557281626369,236.78363717521938,270.71410410315764,248.3891000665231,240.2131323082454,260.0358326855555,260.67862748589,228.75359753602694,227.07451998022336,259.35017607879985,231.57172557053184,249.57736699775458,271.16630420693355,254.74703859767823,270.57204347124167
284.5601680314685,269.4926872698338,256.32022943172836,291.07067877122404,271.09073943648104,245.135261960832,275.6666970878438,252.00184565526845,278.91337746278623,289.44534139805455,294.82564626299086,312.41935607125123,328.23928307161475,300.97611633089673,335.938744059365,366.871024910776,394.63246231111015,403.1927016870786,404.7880948803406,407.3275957520574,373.37318184803365,373.33604698421465,381.99991672040903,393.1093513346554,381.3591138882473,379.34887840879577,388.89062087517596,383.8720065944387,416.22147052328546,430.6024182129255,395.69158045048783,362.32114415424553,375.6421583970317,369.5273152252169,393.29028167007556,370.4013603341139,336.36924431777436,328.5350088257342,345.05949612725567,378.0804374636855,404.9362090182594,403.8214318538591,425.71864167760475,395.64177372833774,400.7008380592796,430.4017269702925,423.1486872946443,455.35573137106235,435.8036881420997,408.1980548094372,409.9314183351563,438.43869937384204,425.2282446859741,446.2394670439008,423.0832756555205,440.27320337558626,444.2650892727064,421.51627755031245,436.78238501094506,451.745312952895
415.86538707450734,396.64812170949455,370.9086941666443,402.91654755882956,413.8234252369704,435.4703290871073,449.2582661206242,472.32142268408444,448.6957800665091,448.4822957848022,460.18102971996274,432.41832271262797,407.9153091656166,417.29409076318285,443.10349706095025,454.3326295868621,421.8669665287874,454.79727072510997,429.5627537885471,410.8421101372214,444.0898198705521,463.0621296362883,493.6224972627838,515.0858757593459,525.7072890095699,510.6259989299803,498.5076998489471,529.816674962053,555.0604680929481,545.2247994839109,536.3535187173602,522.1921260366721,510.0212360204224,535.2679586606374,501.0034386219267,496.52712209959344,527.5258995965471,530.5104444593437,527.041649769417,513.9075360983882,484.08142018872144,464.79547365064735,436.12756234622833,409.99652242630833,386.44268051514723,372.5847407610467,338.3559083607342,369.86598035226154,343.5333168396498,335.3537379048209,361.92066708485555,334.3804249982089,333.2327226209974,357.3675744488951,361.3549581312849,341.0790098108781,357.56467700975884,370.2585514104844,360.6115648687691,328.8522261794654
222.98858216051568,251.35550535538144,241.3371012269951,227.7615567237937,242.17405767176112,272.6477759558642,238.241436472432,222.98916275426072,235.843187819814,254.3682615569386,253.0262611511312,281.0568644708376,249.14278335846106,241.8175821129172,239.96273755554378,238.6943234573824,246.18596511116192,268.3722195049629,255.62400265316012,272.7378271174143,247.99041010694933,255.32028861354246,246.57645041013063,253.20268722815996,227.34882252355084,260.37802888027727,288.8130170564017,311.6607583567457,339.15555599390933,314.42370690661335,314.68423101799,301.93787213094663,329.0548880222377,307.3155257972004,287.71170065713846,300.7817126019892,272.004688738126,288.2703911222908,272.0393013042794,283.3047768729797,309.4174219182259,317.0902180446752,296.9780793747029,265.41966616244804,233.54264418110265,224.31116358766005,242.79331680815258,240.12466475682638,233.40119062899427,230.6146985101304,263.26926059003756,236.58642090248276,235.72428449126045,243.9153467698221,220.02648398454684,252.25775207163582,226.66514844799156,248.43523888897934,259.89223177283446,281.5267016301661
467.527337613618,486.38445681873657,480.8718594339335,480.08117405254706,494.19752120405644,498.98739167791,499.79509019658036,479.1841786203988,462.2517568768451,452.34656375100263,417.99647073064784,412.21191220126445,377.40570550473836,381.9567860192319,396.2387998472963,400.5892040603552,414.1356021846965,379.13652398363104,348.29746211353273,362.1898329748216,383.3928433317956,398.6319532940532,410.0428102728018,424.559596739611,441.3308915453426,457.03731643107244,473.69790986925625,443.8792893883189,413.30829799294264,403.58669401900335,405.51846403741905,423.90179781194,412.3313451273109,396.58954049166533,416.2909220599624,398.74450166174205,421.2033980387545,398.60274651915717,388.76589312023054,381.84118578007786,367.8069170916129,333.0419010637038,314.52754911119115,303.1632982327123,290.1170408495787,310.1059256029832,278.4216689805363,270.64807795640314,238.27415984696404,269.57946719914486,289.8941277913216,323.64543973798254,352.35667695670384,339.46357100482976,352.87440986797037,339.333195991459,366.50797914653265,360.26068004424656,351.5728079775428,380.55762007387614
537.9613092955447,570.6102580310458,539.8914087051942,521.9251301679144,507.9851725186076,502.689816785441,500.80892000183854,486.2119899665102,506.54351958666217,487.1706097006161,500.926821631554,525.5506037230009,532.809480464172,522.6006052766695,500.7529922304351,475.1572258386938,492.24945757912815,490.08869740997426,458.33106599168997,492.1998314776734,504.19105428690267,528.2838328867911,523.9570398789818,555.8377433355436,534.8044948002324,512.7640234059495,540.0874548398747,567.5076493202756,566.1876474315926,539.8433024645055,526.2084545387346,543.9991182011473,568.2185517612386,556.4354393027187,525.7217970298994,537.3226647399941,554.0874576406746,548.7684849511331,554.585317764384,588.7013225910698,565.0444337084624,570.1274127506082,574.7619954853752,572.8391172385097,591.8649777943999,582.9619911184157,574.3915766144817,546.8473234331428,561.0719673836826,535.3194826883116,502.17937522380726,501.3765566382496,506.44772568859094,541.3815099847625,556.2443855966326,580.645708012563,564.4733846269963,565.0974124075941,598.2013358658993,578.5606770096199
526.7703614249059,528.5895996670206,509.26692927412506,514.8962338788868,495.16057586480935,460.3724651561112,441.88518623924523,420.40525450410155,411.3697369080619,438.5715201747121,430.72123532661936,454.88436925098875,458.77728066019944,424.31030995577913,402.5218798590042,432.7113430235667,440.003484257407,470.0717643574662,456.7801657787079,471.93953225849987,490.98129345130803,524.280265642846,490.5526194646732,522.2092245233005,514.6205397555921,538.2800081577327,541.4099124332085,545.9353804455441,536.0918326185956,559.0849139450695,542.5658639037179,542.0227609362203,546.2349758499436,563.2114523898678,561.2259259827754,573.8457289015399,568.5235356320862,577.3528404618944,581.2152969864386,584.3724006249815,591.0540927540774,579.8166362637996,555.4823754828969,568.0572343962308,538.2197321832585,518.5465837555414,538.9976107620773,534.4525208651819,534.315612600767,568.4333968946141,549.0880304214261,515.4567228889415,488.2528055551906,470.3679357314487,486.18233743920155,505.4898796781349,510.0741064591229,492.9273543679942,494.4492869848719,460.4963159002473
479.08435824188257,487.0851871205243,453.6109448772324,475.8017592315281,494.2416166928766,480.8172788826585,490.2936444269199,497.398151869468,472.4207714153489,450.94892249335453,463.7733520293236,494.1219672682242,499.4618697171369,504.208789906305,514.4765085355737,510.31698954804267,479.10903259313676,471.8643018638656,499.8819565721179,521.2282325995262,551.1478823999208,526.8460933591896,527.2631363519076,533.1941071888137,512.888892888322,491.95680963714983,511.699114922146,523.7287491158005,534.0318766928617,517.7209987516727,518.1948584489771,484.8097551932301,458.9059788752601,460.18353926851546,446.8605985627494,479.4574815455055,477.46141217419625,448.3109031191758,414.55986742704766,430.3279185963847,407.33339025990665,385.4802560902608,380.14676167510777,363.6310029158503,371.79139849808354,370.789874003747,343.5914161071531,363.5232754608145,358.33339526981183,366.09179764106284,331.36776091835054,340.2157632589081,325.01525325107355,324.6212052757731,310.4616475432634,345.1998996682204,326.35886169803405,355.25903380228203,384.51669803037623,378.986743735782
335.5211838988754,327.19367218179076,361.4474082992166,369.763144212849,372.8977608602937,340.4120125540536,364.7610246818454,335.62740658834934,303.91547228075603,288.15553830901547,286.46074066304175,314.1309678633498,334.4364837991485,313.2707339145575,304.31630090446686,323.93311942778865,325.82959075062547,303.04402669231104,295.7678908797944,304.5833971954739,337.7091944320923,349.03603827204097,315.16969962823873,329.5202789925157,312.0808155145219,337.4319395094889,329.30423308531863,308.27728572811964,306.0335887838361,288.89744698588646,270.404951180736,275.53327723488053,294.2475161944421,317.69432238563337,310.53121331856073,280.2074767703465,279.0857266629352,274.4504300549222,253.23895643263498,281.1519928665016,314.3423705779498,282.9646737402655,303.66692033028573,313.86707938619344,297.167617457807,306.62854573760393,280.63356915544716,250.49202473627196,285.0656110785386,294.61150117064483,277.3370848879712,273.8394618012348,305.3456345620836,301.05638934916027,329.08750658932433,354.9041504478167,343.9950925741757,357.7157228595729,368.9506181243544,387.9354490677433
359.0530824216445,327.7096373165138,304.68238419438956,312.8411423315527,332.09815541436745,350.0215598318592,355.87927078991135,326.81234098995384,293.0225448929607,312.7724679055058,316.22881829879617,336.0186654900017,312.4138577935589,305.93347974753897,335.27532984299705,312.2871892302986,281.59407249717674,292.33678936189915,298.9543332054221,330.59646861546344,359.0492580893048,376.50938540474476,342.8503920562224,341.4774798446816,369.2046154022743,364.5601915702877,396.91039194319734,407.5845505882761,380.24654951627167,380.8955947793395,394.58879427449983,364.1646223312733,353.290089576227,368.48576399000603,344.4807593514984,333.864552230435,347.15827480314135,366.4461379336293,367.74196350140875,399.7219904404094,429.4951505563391,427.63574432988406,403.85495303767664,422.9601625095537,404.9799327870738,428.97742448701115,435.077528367868,427.6640388157103,431.6108739164884,433.90748770854333,463.63878692153753,443.6442004048469,473.6152920834643,440.80916498565415,459.6533946929695,489.0301638427791,481.61381721183614,451.72852030150483,473.0552475060645,497.05578740448595
347.7778074356123,349.07933743362577,370.74217219433626,349.18518060184465,358.21348354923356,353.3576297153409,330.56673237313936,353.7675468807065,341.4952051347014,371.90503323055253,376.7304041179387,377.74610281487037,372.3775189102255,365.42448120016684,387.6821204387641,400.10717990279295,419.2654890814325,413.7413802542171,397.0419859834086,368.12255128038134,387.48847057926446,381.55782071550374,382.20347216227157,380.0574986260647,375.2371485719115,388.110118966661,395.72150706976356,428.76527297486496,403.48854651031115,408.6348984366013,378.06170987476327,399.6159991843373,407.7577925119138,402.74430963139145,423.90080545646765,420.7509880508781,401.6960147228194,399.771068000543,369.72929376515674,397.5795714399139,413.74665767132615,431.9687627063781,458.183293987669,478.59337520472485,473.82305652246566,447.1276046292471,438.2631392279138,468.6490692344944,500.08540362069095,518.8363642073566,498.1465050223537,476.75799511484496,503.3420008764954,478.2761154872741,484.1657389005484,475.6433566600831,461.78412721736544,474.20086901475406,506.3707043803897,525.8050660572106
404.7417853785905,400.59159095274566,429.12808413531275,434.5955810284755,434.3603126431092,447.1588235103088,428.7595907093757,398.22107483961724,423.0788756735913,430.5871947225533,407.1285918083081,392.9919466633604,427.2872925446276,436.6969468170835,446.22479668478206,416.2762531093926,449.10567450646784,476.6004767755783,479.9452477340037,466.60247188556485,480.4663378725913,503.80254548562215,523.8310441732499,557.2243602166014,566.8042381232874,553.7104511626201,553.5653840774174,575.7075858339606,556.4403884110232,537.6389662571025,553.3773868799555,549.4873067360342,571.6472343993147,545.749986953911,534.2487393743695,518.0157328356765,531.8665032003157,550.0195481331812,546.9397368452401,545.4017931931655,519.6440249884046,533.7719915553182,568.2342259072656,585.1727797940463,561.2898466521781,569.9084384237746,554.1076378274538,521.2199965315936,498.8075964275019,470.9891464859708,449.7044252357444,470.39673473717465,455.89498411930487,473.8877806854627,505.30815952445664,510.5072775792009,509.48590351990475,526.9948058112232,498.79111560373946,493.7659617276814
409.5533460741831,432.72693780206953,454.7221740182605,479.1007492077592,492.95185415849835,495.090760661437,518.0423131554737,544.1720822233426,542.8060037094596,576.8023372616735,592.7147074565869,579.3000665934693,548.1593810402018,528.8738246012346,548.2217251575745,521.0025231474824,518.8885277898308,526.2281812371617,552.7124592230978,577.0104296256413,586.3305779145032,571.1728210899746,545.2521896966981,557.1276413657474,534.8178449399405,539.1098587785436,572.7573315509777,572.0100804708056,577.67365559106,581.5165804571766,590.9285893742117,575.0988014533513,569.9002408152205,546.355976544972,554.3835686865972,540.0866291293045,540.6203615515135,559.2793650972063,525.5092584249454,529.9833452858516,507.12449649759986,491.6813302824696,459.11125988855946,435.9736531015726,470.03771063167324,504.93430391562504,520.3236583079004,528.1536381418839,547.5441248588324,575.3029239117938,571.3039175656604,538.5513701011835,553.2090775417871,587.1312526868567,564.4839244296882,561.9265140119652,552.2157220855548,544.5484466816453,560.0464462529202,551.5347535358437
577.6119676743161,587.9289125451489,554.2302880809183,576.528709823279,586.7186804359225,576.6556791887386,570.6421527691272,589.4148655797376,573.7787600859846,548.5412424619947,535.4441607614269,519.0083289964512,531.6824610720527,509.20359557491184,519.3376661252083,516.9553524336717,540.7316174924964,539.6815295177191,569.7678049375759,593.5073827354995,566.1954493391286,578.4068168913091,555.5531146179579,578.18441605409,579.3033983070211,560.6847543762835,543.123408363129,538.1938442163091,559.2444522185883,579.9757648513499,546.8122661346591,532.9723712176221,527.5719386605024,533.5626796015994,509.0295702186283,497.49938165565305,524.4911730954101,522.8494990343655,539.9395248574062,538.87402031215,536.4228006601825,544.9575874160278,528.113103269301,510.59925022073844,544.8540200631511,570.6834607154966,583.1333024953349,555.246536816945,522.3622665998786,499.64114189367507,530.2823094092014,552.4225933266306,554.037914200831,586.8525555966174,558.9101092466369,563.0506400470595,540.8761888949691,527.3261912312705,558.1356425586963,583.9151387171041
258.6835385396227,241.1516049288884,253.38254855924444,224.19545995957893,241.56082076964233,253.05931534133595,239.80302714814943,236.0640266375436,231.69770988258392,263.693943679404,255.91492352833944,261.8837579463118,247.9939781440578,264.2636009367286,236.36448991083358,223.6798313174824,248.78877031164882,266.35325548581267,249.90334901565902,243.04372071283288,275.5629611887887,247.86608183846067,231.51373847399702,240.00269204215024,235.51619925519952,252.78544516103244,266.812745218917,268.65991109122365,276.44372218941754,271.7831804308417,290.0102881916033,257.9571830408422,244.85957660675388,260.9696924948414,249.0448500461182,225.02978025929855,233.81081172803223,254.7286373512557,228.50583843159038,251.52569505385517,271.5877305141729,281.05878262376183,263.1551660228319,284.5258410264862,264.5368161509788,292.9442828029733,307.40948174291907,276.23987660821325,297.18997491452967,297.64032273972316,294.3257454816368,288.76152897053083,296.225633621395,311.9461286762023,339.6644917769215,323.7706286832273,332.924967786957,345.9689505897261,358.20475037480855,357.71479571961646
368.5885683174064,386.9550855121028,372.9557717949589,352.5194931628359,355.72753672604455,339.4602967623969,306.78661815591465,275.396920192676,289.04765703975727,322.16786625920236,318.9960531130276,294.290331903959,316.5561566410137,299.8566694291741,334.5505217414457,338.97901334933994,320.263291748547,319.98362561525107,308.46031464332646,328.0233535672128,300.4304655737767,325.42065576605506,344.1342383645445,369.4297046376486,397.07926686056516,378.1637144665808,379.63412097258424,404.12867638423063,395.54583443235845,364.7743648080527,350.1887697657489,332.12319156898565,358.02757487722295,355.49681933586334,368.3449159571053,400.6932564355163,386.6364061024805,404.9203751293982,371.51386363570873,343.8019959075157,320.13255220774516,307.00183578882076,300.2109408478772,298.602053199135,280.7752474389728,250.41031981168234,264.31700211707016,230.97329686446867,257.2140337994301,287.25487156001424,301.98069551618863,308.6979317254269,319.6892287784312,330.3447720416628,360.5641315663178,393.06554254989555,387.9353574834711,396.13089981386037,417.3273935752524,382.40006457730203
420.26604839453194,430.9673921817708,446.1717736634015,436.98703232114116,422.6821417639526,400.4321214237062,404.4792098573941,433.8304501150426,461.548920665726,451.74653556676446,434.79639536243866,455.011962949393,470.7605642264862,471.1343524061107,463.3664705738307,437.032323835993,456.99202507244956,465.2145361231684,456.59625370482956,485.9114120295055,497.0885014783359,527.1352221573982,525.3440943811732,522.1673420656483,552.7740923876339,584.9594923646812,598.0367767208049,593.3058639345567,577.5854886543598,554.6597198711507,546.5005815605987,577.1814059668438,563.2016041631019,581.1718240407496,595.8554646624355,598.8410149736433,598.1079502603747,583.5851627639018,573.8750967417561,599.244527294122,572.0456278884833,548.8514777647559,581.2742386069644,583.3017551576054,576.0277311661085,548.8150070490057,549.7418244801487,580.8373052266576,578.4915239546882,566.3564707730602,569.186125761186,592.5067670755174,596.2966578579429,576.7814070201949,577.181863027811,558.3248379309,554.9008086619933,535.2925932368133,537.4956515674036,542.9724610149299
348.37795972969377,332.42624077439916,307.9980332386008,282.76608987303194,297.5683679730202,278.0830282231094,251.34141970056865,286.26656599766886,269.4607211299029,297.18410320987215,304.82711997250635,319.8820316489834,324.1463554539579,301.80313910815573,326.0967491098379,349.0548427639128,338.5328253384315,357.002374087234,360.0151921713439,388.64863201054845,409.8463380018262,377.71604188796834,404.26535994135645,437.06500919985075,454.01594338360803,427.4098905429028,448.9262028315012,459.25043581515223,447.96827804169084,474.8504166251775,479.44008481689957,504.14503998825774,516.0530023891547,501.24912964849966,534.5004383587723,539.4708267145413,540.6436936423935,533.8893676201213,508.43346183555946,521.4683634380908,516.6243072984978,547.0471830233928,579.6039848267156,587.1282292973145,563.7368830218842,578.8554606781619,545.0020304782403,567.8500656748278,565.9965200366424,595.6348156983775,575.5054093469627,556.1628152164134,590.8167589293362,579.263827257221,592.3743185495604,596.2087510062609,581.3207999392284,570.7831589176525,571.2877484119305,590.2991409006561
586.5708880083039,567.4712362123198,582.3500328128949,562.3749896782485,570.141702571454,587.3389850515116,594.589823022824,577.7225234420715,563.9011958824002,546.6428087231624,520.9820106524355,511.5262404574927,537.564686789842,531.8813529245866,519.0918745313721,535.8311316524212,515.9220446662368,498.8621208403746,529.3757262240557,500.08700470726086,494.1111873243005,499.4837707919368,480.60202088495924,465.27289478138965,445.80207031379615,434.96506035804106,462.86046321353246,458.07157747354904,452.31960863018924,444.3802702423965,476.8683711280267,450.07933166341377,476.1106111291694,464.0118858701277,495.96769728950244,483.0336045265586,453.834809954501,455.2377418591771,436.1883324108708,453.89761949400713,464.90901277696395,477.96185383153033,456.5061180342749,471.11023657623474,457.90340846485833,492.8105904290633,509.0343268442437,515.3631323628396,541.061376907928,547.3131958882879,551.0056865625752,532.6177787589518,545.0856184317315,536.3107284091939,504.326512356043,526.45083810194,495.0819597673519,507.1429683661887,483.11343077013277,478.3932969300932
546.4548302477538,518.064198685744,529.7647461844275,537.6480581584535,563.375140403394,540.4665813960786,561.451706720585,557.960190492478,552.9652643670051,543.2901689257964,535.2803591595106,536.6775330092763,509.15352061391894,503.908131505026,514.5468165591926,514.4202812998747,491.0283441193483,481.4419632447625,477.4492804545776,489.2705174788853,517.3241600565101,520.8504459376574,533.1962149058728,503.5994886866311,535.4121807409625,522.4767890658492,512.2772115440036,492.8762061889095,463.803111212498,484.10638652242756,465.94069224185967,450.7288337160316,428.4545730784707,461.6965426993923,481.3689785089366,511.46195400758563,536.7825897013314,565.2233656694997,563.6487495372387,540.5866501522357,528.4682735572638,513.939879745983,529.139248378078,495.936336419592,470.8792914638504,483.68124988169063,457.3222146477215,425.70264420164955,398.3477057244329,411.69489643744964,386.44766459577863,361.6889698753323,342.80998364846926,360.37373294222584,339.39843680048017,306.87471457117465,335.2851494614905,361.6274391618551,339.56476922460814,323.13875050875
291.65187714858354,307.0192948759046,289.5199167691509,319.72139978564604,342.6562714924959,348.844350422373,314.47002615233293,341.3268846014996,357.2701998587784,377.4237176166489,347.45148193668825,362.05069385198624,383.3719570056763,415.3364319366701,420.9693650314406,421.5322946713896,416.31006997012344,430.4002076376485,459.85769896767147,466.840552377794,447.75040728337774,413.9805838050201,422.31850208374703,447.84035424508073,417.45862367521937,410.2886083025136,441.09189312817676,441.2092828381531,421.65535892335464,411.411307747174,404.98107738081046,378.1913433899859,389.4468004593747,395.89830349584804,406.2389049464384,413.9943147540516,380.1613595342354,357.37375900387775,333.963799140088,305.82040318094727,322.3037073048266,295.713312318321,307.4868974598451,284.9742191356024,258.2559316129573,234.63303501608283,245.2336065606491,258.87973954055235,280.7144797445869,254.71383412711106,262.95674069857984,282.12551265736715,268.99387466291904,239.57396521863967,228.5105895643792,223.98377073507268,254.58686651240916,246.21348871118548,252.0359939324941,271.5297742803341
361.1694004058751,371.606586229808,341.97417595509864,340.6375712849007,312.3938989168222,294.77378876443817,280.30764669612097,295.5385129682072,307.725806008455,325.0214122336296,294.34426554024304,328.91826039235633,297.72766240204015,320.5300078027809,337.34883314641843,343.7721584808458,339.4921600409949,357.4914247699077,374.28147099872695,348.88395448301327,369.36822759027416,339.8672174107217,339.9054473597191,350.0611752194227,372.57939523568865,369.9971105022024,351.57717593176255,350.923349013725,333.4379167443234,335.44869344625374,332.82426626371,352.4595801262376,334.26588806721463,313.2648509605384,311.45782473022564,279.9931302935852,261.0469742840706,250.80631827720902,252.0891160662072,238.0762707918956,249.7564944089625,276.8830544364074,279.94397673143953,265.02274325298976,234.3614112931518,226.74604167859724,243.42860365812368,259.94815271915706,228.42490876794201,228.05748442721512,233.73883684317244,235.58536938056082,268.4813728291125,247.7453146850821,223.922859002288,233.74034642704015,226.55274824232066,225.25982852930565,236.4038937507278,235.7496975681688
254.8561749390366,262.21432608234363,262.3333097037681,232.7302865303595,261.17904094717943,246.10895502204272,278.7489751463933,308.9566794253361,304.3434432606488,285.3431290913323,308.7828189684479,299.07282788201917,275.52137650901005,279.1339166163359,278.39208760542454,302.89333912240147,318.9430357111547,345.27279978972746,361.70200365684366,371.65425090218946,371.66665156158035,405.79538182633166,437.9369195063437,462.3566282138462,481.6289731788331,487.05814168712897,470.2408769239634,496.52160882012095,462.27873826164796,443.1995359372233,436.46080709313617,442.4918079595212,446.75336038474614,424.0604682317161,396.3963422186633,376.95936714963284,366.3689823723867,332.35274052679273,345.8246479652826,328.165568466907,317.7638790252924,306.20699736616535,307.0350834276619,332.2210639742847,307.6783607196726,296.5292586458615,309.97127518708635,278.06747411671694,301.1659785780726,333.49373841289247,341.0283425936318,372.9839285657823,366.89825662600464,360.9504777718642,333.38790143080485,300.86918688078873,282.9844891502061,281.45349514728645,281.9912625076887,262.22153922958904
452.86615637134247,430.55056761002965,418.3853474288667,397.08501349211963,410.8514654914293,412.01154106699113,428.5386180020742,397.5459898734897,392.3213354899496,425.00843601864904,393.76180204809447,388.0483103268118,355.87618564670527,331.1419181146613,328.51876972477487,304.5447075626586,305.8575873101276,335.4488051040325,314.47733417785236,286.9803898577062,309.7497491965128,306.9686385154757,333.75141543456533,320.18004606114243,329.10728642423874,358.73923522535523,335.75794118670865,356.80894033808687,366.0151128272458,387.92138495113954,364.8699190978571,360.255972021448,334.2745780148347,366.4803255738102,335.8687461810196,305.4525840406268,333.32351749334595,319.3768678629832,326.1682701622837,311.29155718579517,321.7046434797224,300.1774993286243,297.29836139222715,299.6428136268548,287.9978159469539,270.6168587357805,245.43132547276568,262.67323821817405,239.45302833778368,235.9071666575825,237.1510706287333,243.6957149206381,261.2377721009542,256.1939315267136,282.1704850271974,294.7554802906103,318.4495504197229,333.5943277128888,308.9985537014858,342.4534648319721
518.902780991979,523.9933047963598,500.5594706480286,477.64711604855677,485.6502982887667,479.78409759890746,492.09426263496766,483.1642033779468,484.0633653799085,462.22042803738583,438.08450813795366,408.379641596848,430.75439293974665,434.63143055032293,465.9313033437893,483.39534303894226,502.20876425640677,502.84285465019786,524.9246302069935,555.8690713789606,571.3908890424412,543.1073076992136,553.678697846959,527.1090227038354,497.51459227314217,511.01762063125784,534.4526008659406,510.57150521699623,480.7619077746194,507.8185103680625,482.07316395742333,449.5291905194849,465.00299633313915,489.34308511981317,490.356219022309,493.1509861088742,481.73122199979065,463.42364592042696,481.289890832718,505.739799401191,493.2269324727548,477.3942754140504,461.13969578220394,429.68137504376887,414.3566267825955,381.15219097042586,401.340724543212,384.2556025753792,397.5664658299747,400.5896528178136,424.2121069162175,456.438617845209,447.1490308342506,418.3328882265252,435.8080917335398,402.29925456748265,382.9066879815199,351.6342347746396,379.50462078802667,344.8754165071367
407.2420227057881,401.9219616069167,412.61408812528646,397.8961743251339,424.054852357996,440.45905426869354,435.71966408814984,425.7815015540277,447.8936788788586,465.8878997763626,458.81790383804594,447.7139342207548,415.4360934971328,386.15560067794297,354.9298925667394,321.63897661110127,297.3400433609559,322.33997059859615,343.21112235150673,367.4012916994805,376.06731699926354,384.75173408611045,358.42695634482163,372.3545310997887,356.95637986072177,358.30411294575583,390.1346952118158,416.07777281410574,397.4013183248112,413.96686142383174,386.2532139209765,353.1251879230588,320.097387157789,297.01464105304984,310.66102919961537,301.0924417416767,267.2084124693451,301.369996665724,303.7064848919635,296.27809994975576,297.59759260317395,298.99555629327244,296.912116689782,304.81854000232994,331.81240339311137,317.9323618385074,317.02016543772476,282.27524517149857,307.46224486377275,293.87551708769087,277.86629997067666,312.69390181544907,318.6014075276122,292.2144347574815,275.8011826500315,265.5270438286733,299.55124717961905,294.69476463365913,275.8041438141558,280.685311533053
373.808670061664,342.6558972315949,367.9202701033977,334.01839701322893,361.9122515154123,382.3423607675385,352.64998547750724,368.302760924421,387.2686786741733,394.4301738141812,399.8671298251098,368.345221662468,337.5099676900628,353.4201731785616,325.8097357028853,307.7388227523387,307.6573843199738,284.14884147286153,304.43761071136333,325.95407237589956,349.904097164162,318.37386561839133,313.32498690474506,337.60922399474856,328.0345813162175,341.7420077988291,347.98922109212975,337.29382426163227,321.64216229796193,332.3341787449204,306.6878683351232,331.8964446712663,337.2474855469155,310.0527309057243,324.29966606925973,319.47754456102905,298.76324363645136,331.038094141192,346.41343909220177,352.9229927251615,377.34369539931686,380.41458069106756,376.31752355437084,354.5788037446204,330.3161335028929,325.55398564892226,322.4722061808484,338.80408154699927,334.7500322495806,341.2711762891599,364.5474729744971,399.08090166023504,386.6576737208248,414.7944861818106,436.2180472115625,405.9785155339312,394.3696406937036,374.70264788211045,386.2095469517203,390.0804864869585
408.0433999840304,426.4928634505608,414.8244721573996,406.6171328461282,432.21150922190964,465.2661048701101,484.61111872385834,464.8060869582642,437.6917012097335,417.3360615533396,411.92935710494237,393.498149047277,421.57102941231784,433.5216325360387,427.69267967084966,411.8595009711589,403.50577133102644,401.82931300669753,416.79687765899854,388.05078673502004,412.46909252024625,386.39829469935887,369.7698004374295,404.3210931415104,382.63569752460796,354.7156506696522,364.4040218039681,356.92305739355385,328.35153779234946,293.6135077767826,264.15481812348605,265.7463086375195,246.90881479668548,268.1373310783194,293.1629353933414,268.301246633412,256.8926375848249,232.15282636759872,233.518371272857,231.60580879904816,256.67247512376053,245.85605258474516,250.15811745152425,263.90973643241585,286.4677018730689,272.5523381956405,252.19778493492186,285.7498993784955,273.1602275038203,285.1349944464816,297.5838672939279,298.56592848589577,279.5572496698148,254.4592691366071,253.82778548348432,255.16614854994668,274.3018215241825,288.9901626008361,317.83305211934675,350.79329145148097
496.5835039558255,466.93929137394326,460.29757301914043,467.9137389079882,474.2273939094852,451.9284589176271,457.7345899791881,447.2122255308892,435.93710466994935,459.3175950410359,453.85291614781124,455.77063293232294,460.1717332047365,464.5815077943496,444.50001375918566,451.46174917961616,439.88540180570453,450.73682242743644,425.93565435503734,460.5237459793942,479.5667763811319,473.7743767250334,459.8690062855332,452.0151487227824,467.4997278169536,478.3782737878732,492.52474962791433,519.7546933095222,516.6953591512508,528.5618395425873,524.4673963897781,534.1342618581695,532.3719164455757,551.7383703592283,517.1065789890896,497.20634589437435,482.9569796558015,514.1345950933796,514.6278300010639,505.13246160093377,498.4343096938908,495.0618695341683,520.8099968421462,553.1735074397559,577.265032221572,590.858058338061,564.6429717557013,548.4504367790591,555.173879418126,566.1034983590177,545.0691894532816,562.3089205455378,541.3063692499089,524.7171145111679,511.1928021698806,535.4122013242029,551.6580741051647,553.8060546058574,576.1885054753001,588.9980306424707
368.1365764605149,387.8371865846343,367.27418062475033,367.500200121636,340.77712124884295,335.652735240231,337.0783391239343,307.6726241780592,305.0555174992817,315.672455506491,323.65863193862265,292.4634040909966,264.1371821045707,253.73211932143056,277.91957565793575,303.8024993796511,290.47540025920597,305.79784622610794,311.2151876907229,345.0547458038832,316.6798196641616,320.0314716209794,326.5091070419672,313.0459070085453,281.33263433294826,249.9799518310961,249.476079311673,264.6479949694409,278.6602999756598,256.3281894561875,281.38623932659254,272.7876091444747,305.29336228254397,278.56453669233855,302.1163655968223,330.70003632400363,353.28732315406484,374.9062030380427,365.1979041163888,380.13192158685695,385.68618120764796,380.39972040783323,414.91753913159084,400.2493694017492,394.1694509548941,422.36972356856234,407.6003031053015,383.28798305429916,369.9879655311631,388.13978292828847,413.3295636074471,386.34071274101234,394.8606004162502,399.5706838078822,411.3865287938177,423.36047477269346,455.52319769135045,444.7802422812222,430.7639268027267,436.44969681025447
383.17901451069145,381.34181357257194,351.19120311788646,326.56815550463796,357.0444010661383,326.8248026830468,333.1349941706903,350.9552462019426,316.7856931928005,297.37806354813745,288.77310570759454,289.2503270024013,278.16199763529755,288.59194570573106,269.43977191328094,236.22357746331227,220.08047484328765,232.12072544325284,237.0418134638704,269.36707852808996,237.5017284045065,247.82933182393566,256.3036244541712,270.2528752870116,279.9642972968578,245.5340618575338,258.2489114872985,245.8160672662798,267.00285074134774,245.1884277708467,263.1072921531006,271.8919655113349,282.5523274842581,259.8686655803869,271.71084567365926,288.2993342785933,287.5580525652397,276.38365037436785,253.04248982454016,239.7296360793659,261.8040483041245,255.4620990223624,269.65202596189044,286.45841871178453,298.6503344004848,310.79802405829116,318.55459836111476,319.8441368710747,298.6913049519936,322.6875420365231,355.18603411065476,352.8399187026664,383.16663161459235,418.0262492552222,417.0599631362296,432.7648392987274,442.830162976264,424.43870009631627,392.7349611591186,389.4698329413306
519.1378990105834,506.89732539886217,526.8080358823851,537.644153619792,551.3320482470231,536.3339104334403,534.2372272324536,511.95649323421884,494.2171301997997,465.50663321626877,439.3807716570033,419.1167152077119,424.7331100040205,420.61788837235525,404.3036542519446,429.5815255347828,431.34186392872186,460.9595270832274,470.4070744426571,436.5122061996673,465.4555045707659,490.4779380684238,499.94692366308675,502.381072564244,499.085897696545,497.83813690022316,516.6835817591876,517.6034939242957,494.92522283346653,463.99765253557604,437.8306918756319,420.4315694942489,411.17295799502836,438.64207884729296,420.3781851012697,407.75008416144715,388.3611019283213,391.56302923775064,399.7590979783647,402.00802521116594,433.63799079635174,468.3144520321404,491.93217131852987,513.302901460851,503.9265958333236,509.5114412646634,499.1145105910854,519.0194198232472,496.0475995596757,476.2146195603007,443.9232045212223,451.5489816548818,464.7466597701088,429.98201980630535,430.73702328590286,422.118240980187,442.5848957075008,410.3072479274058,378.7068461446713,387.12148305548294
444.8227647403103,467.999066350171,474.45774859118626,505.9137065925913,492.92063154900086,485.7751299973369,519.2123566525411,491.73905368856555,512.4523934123051,478.26220343853595,477.3181308967706,453.0562945125778,459.97661377354234,480.8485116530903,448.1614728176384,424.6255636790606,413.60829036039377,396.51421797029093,388.3396102567288,419.9703912439504,392.05482016476725,386.6845677713713,383.6809637839021,368.3049074119435,352.80036645007334,367.8330177725258,376.0820867580946,397.9803281394153,391.335453712879,398.8052256014561,426.35639544923697,450.94938846938396,480.3510259443811,464.1792775213568,498.1587604386052,520.3060545216043,540.9426009444956,552.6731030116017,586.5018611476463,572.916855893538,583.9539474117084,584.6255051676623,586.5041140022918,587.9470659615331,561.9226903239086,551.3562932030767,543.81407291089,561.1740598894874,576.3114181898386,590.2204989036388,590.529993398891,582.0356239498227,554.4479082157968,563.9297763620624,591.0239262166859,584.3082094766488,594.7091167812888,599.9618452643435,577.5476286864155,584.1023367733773
425.18428038819206,422.0323064377637,403.823001946236,386.03702366595115,363.9850837391491,373.188929194075,348.1326459590922,343.32969884628574,344.96302559533933,340.63943899856724,365.4845049417414,361.50636012731167,332.30460663481284,366.75857451689814,390.907425891113,402.110469869533,420.0531233261355,394.0264723089746,412.6405078961968,392.1829338160435,391.4112628862218,368.87005813892165,386.6350056421751,368.8503772780464,351.57496657246486,324.2205310262858,339.66298301375684,325.37210716841827,326.65170809255596,314.9087571082487,334.13784522580505,314.9917011803851,345.8501161836325,333.34391442591203,305.61352791626456,287.4348942133098,257.6107592480121,255.4224704174818,237.94005586812463,266.9073270946426,268.1063305100528,249.44212192110288,249.08081761911055,232.55947320742087,228.5002749656802,233.07863912101564,225.20698704090358,227.58494907187455,259.94667831354127,271.6228627423636,301.1000491843722,284.0793350871171,309.07026859318177,299.42936507296065,274.5230137515346,295.8525107518284,265.0280199822209,258.36771870766853,280.7197455034836,288.92269028473925
416.8649642518834,406.6193387571341,376.8732468842955,411.2412859068084,388.4754467775618,371.34704002588484,352.86114340050807,381.4170418685073,399.8752293591544,396.888315319908,428.7679276965381,397.46276435158904,425.0196910371047,394.2496045352758,386.62875325069524,355.40909473704954,390.3369241600875,419.3441893351296,425.2801162023658,405.52923638224297,389.90367714606583,386.3717127700643,373.9663255445285,340.4582989249744,351.3962194931738,359.3361727797049,387.63792200502377,386.0177048124053,375.1473321382925,375.9535349425362,354.58218430524494,363.37000893298,382.2723107282913,358.01463066458973,345.3014558990628,371.0475244547107,371.43474685907825,373.6633121265065,389.23188592024115,394.68438298573403,364.5549667509014,385.8322865813139,415.43080918870663,384.1602154980635,357.6476984500921,371.78596260461575,379.09913788063255,370.8753278086548,373.6227332344808,387.8564329945549,388.16978532621994,362.9829680507154,334.2434900900457,329.9636015532324,359.5655346026508,363.6100768322454,353.68548166349484,382.29491352996735,374.499164462493,375.13941812789926
264.26974563891406,280.8878118252708,294.90901882533086,315.5060983254839,303.26949026542735,298.79321560006076,275.57713540696466,308.0924767337196,279.1178910522714,289.5488223095079,303.91683992907093,279.9583930846395,270.5310174927738,238.54987716614764,249.8063038234281,284.4782635693451,279.5702105468962,313.8707859730017,287.7065656396291,280.1783696683748,308.31591757176784,334.6846012877909,322.3360117386758,334.838752602459,361.8699646115044,380.5513872422303,389.54472102753454,365.22501404673613,335.3352025266756,343.35875511383483,343.3780517120724,325.0406178932763,310.534503540408,302.98060594450675,302.66706559308216,294.985193429271,287.0956104752887,260.1969072670834,285.78823654495744,293.429022269424,268.65617519156484,263.32738339302034,257.49749723508853,264.54095872932714,272.16183197878036,282.3273815673637,296.1805955814302,268.4153788104614,254.75993285055824,221.21018270058926,236.46265221570283,242.09961074634228,261.9297818738047,238.62796813635498,253.86576462501168,241.1207304465146,241.4334315358782,260.5918259022961,230.60018930244635,235.63096462490046
368.7028274530677,383.8052792826845,362.75098833763354,394.06989789596594,428.913234591557,451.23694444896086,437.2168195514078,448.6874853365076,419.50784755536296,445.4973996548187,446.61690064303787,423.96764228542287,411.88680145474206,432.9387935689003,458.8546672887935,460.2346043742032,458.8564093959503,476.40784165467846,499.2411152309773,517.7803920986847,509.6903556150793,519.6251589277316,544.6403525066966,520.263596890016,512.4331648480634,481.3964867193319,475.0178967174499,494.0776425917553,472.86963363154644,475.8017342102533,443.3627355497812,471.19823490099725,493.5985635440288,495.30720696912346,509.7122966871599,481.98642822798,506.15109297579596,521.21940015082,494.61711792157564,528.26536787989,494.8424989743413,503.8382593558355,480.86110912769266,496.20914457306026,466.13758235087477,436.8146441498929,434.4550659893122,469.0357285674461,453.3918653513917,461.2688366043483,462.5707718105448,486.5191444860754,471.72041702543663,475.56652367524066,507.1101697326033,495.3911763161273,491.14956700783995,518.366499023097,506.6414190295091,498.28858255387615
335.56514737352535,357.23234364628047,387.3594315769251,396.5363532236085,405.19046241178415,397.4907157917064,363.3645782617112,340.54021017936134,315.8608950006778,288.97263519759036,299.75594732132805,274.3003739874939,245.29475066506427,243.0676565472119,234.46016246569204,227.21428628448524,226.168683972973,230.54765177461186,244.4522460775347,265.0704861669214,289.7648511945712,307.3641006762907,316.3390288555827,344.87274928194654,346.25432547334407,355.58930433310246,349.40274285633325,337.31963691798546,325.5394614802732,300.9216712001337,321.6835067473033,290.55927265065134,302.78723971416775,328.2994532127603,328.119437501736,298.0334922306445,293.0227145452269,282.0485767469914,316.0363290979515,329.4248932112776,344.920079549302,346.02796387665813,360.6869616876049,376.2669300581567,345.912051710384,326.4945084237929,292.40223730381496,293.088755718815,319.3947455573368,327.0635629860098,327.07808993254946,356.89569926529424,333.950995036817,304.173296607855,333.38469815653525,361.57942100085216,374.3874950357586,356.6060363824822,389.4895181117882,408.0637627380561
476.07994176217426,456.6837344432556,457.5999764575737,480.18031334836365,505.39852907962364,509.69863718571236,511.29420624606087,525.1320742275957,527.1094933294688,521.3471659940651,492.3264967937723,466.1499740938629,484.3692568679096,451.0957413916084,419.757093197441,448.0821436634902,462.3619416053182,427.6568321393084,414.4998683441495,432.9321605858376,427.1642165842455,424.9800641843133,422.0959984575372,401.24540668567005,416.7428073385483,388.9532504750442,389.4608278633111,366.35773578546645,334.6150324558674,309.64210436716917,335.4955499089911,312.8258864436234,297.31173107448797,271.9783662499164,288.4665233659595,284.64796507391463,315.7024177790696,327.2051385364228,329.4023839704968,340.36654918446857,308.1963260091451,339.7425442181534,371.69261694736076,356.02240774624784,365.0030915382672,344.13715862805844,347.46018425009055,366.4154309887981,397.2029517251756,385.9481363537726,399.4935047667659,414.64340277106845,395.1238188526003,404.15606805713776,415.0355583002821,433.5208857445045,468.51719376632184,436.33345962617545,415.4948126836045,390.6503029179863
278.68493991986696,275.4823461634045,301.9799051263101,298.39053396105294,310.1841618094619,301.53910178657725,288.91553385835533,312.31199679638826,323.2003225046776,312.7629926704551,341.75421095775664,341.65002051599174,319.8292528269419,318.65478319967957,330.8837438550229,321.58162510295426,345.6465566422318,347.9666352846589,345.71016988007153,370.8199695085318,368.22421596116254,362.2329258907197,334.4930735640644,324.86750508405197,317.66088612346766,295.3044484691819,301.45207258910364,276.521017527628,257.17930272990037,261.45574173066024,245.28459126139182,258.562142618953,271.8980619234023,257.9883906658678,229.1055283706382,241.58753174300227,225.25689229582045,240.74178733807,260.4806805170646,268.9037659200209,265.2825008048621,296.4925991576904,268.6149054734423,295.2150109572775,316.22403204216175,310.6057326676827,286.30643470073267,262.21710970516756,291.7435129571634,273.10283945664156,299.29093901578955,299.5216044109098,296.84302898182546,305.2088177126929,285.2615535152192,280.2475006993978,310.9414114157429,292.61939644425536,322.130245565838,356.7249243284805
239.7247314686888,249.07957979188026,231.0101085245067,248.60514038779965,282.93999874139655,310.72166142067096,340.4610537331157,320.39554066496265,323.3579125872138,304.7960837348603,332.7558132652959,311.1365927804932,286.91371664913714,252.76510086911847,232.32971509169016,228.98142147661306,223.4081285978657,253.32831188954648,273.2959335457516,256.1096383600596,275.9376775918438,270.4891958676197,289.7756175219926,277.3861531504548,281.9119490046062,273.62468694139795,251.7619941330408,259.09801916585735,276.65617516430694,294.37367388589735,284.3139331682444,285.62375695665236,304.0882588576084,272.9030904741898,242.93527380525003,241.7965674520437,232.69241986145792,237.8677752638131,224.9565167563089,243.65457879754658,259.4006564403497,279.8294919929231,290.366097658196,283.1127953086213,313.55777104587133,329.4010121678307,331.338699375705,310.81822795919646,321.24647703073157,327.6669137867485,340.5000137123768,360.1787472839579,389.23222061243354,420.6661820075037,429.77916715629544,462.3960896590295,491.19565758906924,456.37866258013474,466.0118852173553,443.50474390573976
332.1732086942294,317.9982226757206,316.81729745031816,282.5779299098538,264.0836784715798,231.12214545876836,250.00515679755043,277.80827849104156,312.6534846792768,309.0524671040236,292.2623448246143,316.97959659576276,289.9006928235959,323.0974214975257,338.1360433277999,338.4114699035189,310.1770075162152,276.4507230158992,279.5679768396349,273.53751236043644,297.524026965779,307.48541054431956,302.71815479901824,283.5386490061018,282.16820362294226,258.5778031379732,270.26868951109617,277.66972458369935,299.37472035253353,295.8417694094929,280.3471667214199,303.89484186792276,317.2646375701147,331.7342790542692,333.7001990527134,360.0187020947945,340.963547617802,334.08198939250644,354.8182694090441,329.1255325468518,350.6931970579868,340.37486250914566,314.1601214412714,284.7005854287374,308.7125957414988,328.21568393529327,313.3785781125594,286.5239313591829,268.83034118182314,248.73947568038045,266.72458288340033,246.81399878838457,233.35791376271567,221.56041956866352,241.82144062821772,259.14881049529066,269.89314332165657,274.6950842525821,307.32033067144056,305.41202652383674
546.8518730860692,557.0725668124829,527.9639026606314,549.6700949289577,555.577292847245,566.3240890000254,543.7013723286827,539.3256789186478,565.9664521248477,545.838431706573,510.8471751641766,493.87278501239985,493.0007564547487,515.4902194858831,525.5205825260177,554.85502535302,551.7445355669726,544.1016011739652,525.3008763356651,505.5652502534024,522.0929430439667,492.7180816571383,474.7080325954489,501.720700763258,507.1051580302337,475.366290665017,489.664144048102,490.13190979082015,514.9484307156812,527.7188017935696,493.03006295201476,472.4317990542592,455.48925809380535,469.64551833512087,470.29751077202747,487.6188355684089,488.51953948325126,476.43646223201335,448.6927075016216,427.87625440843317,420.9308600326309,424.53266160535543,455.237279828699,437.01769222335406,448.64363798462193,424.3218517891531,439.2845703237165,405.078431723795,415.9928282188681,392.41806418888484,370.04077543554246,374.1643097675629,365.44311798117275,363.4344785197313,350.05670029866934,381.7993937656521,367.1453207713843,370.08864050286934,394.89352939072853,406.386186248986
342.65523985305384,346.3258076887312,317.1351865250221,320.33323471456055,315.5304708993085,333.5858303944496,357.93902941383783,336.91218592915857,307.619699311412,299.9586879985505,302.3492165725888,293.72535295464036,302.72463492450595,303.1202245048412,333.68404693139746,327.34142556376895,298.1160176701697,284.2514691500731,291.66403951550024,274.5857964179963,258.41498804439067,247.18506192595524,266.39887278918707,297.2081991897644,286.734563559109,265.41872634234346,259.86331299404065,249.49209150261447,283.8487773514999,281.3195554477594,293.8693901445899,322.83455480972964,331.8688652252015,314.32535846959127,321.8440651429209,314.97540866747903,309.5398995281955,343.0926202241239,327.59399117576356,325.4194514292453,301.61014462818935,279.10823853617353,286.3521482221819,303.9232477928719,313.4754389460511,301.525318799259,270.6985908788104,268.61706122921885,268.9159369457963,287.8615495029836,297.68181886342046,323.6699227954895,343.47872430414594,334.0901691709122,343.34566881764107,360.6557258794999,392.63735172159204,387.20200310514923,397.58174256692877,390.06821103664316
500.37470797051907,529.2142299622581,558.5600510626283,534.556177279754,513.8429391132155,531.6880006685014,540.8586926844696,569.2162027643164,554.8591951373521,579.2206519175905,582.361223454641,557.6498044893547,531.5044103190494,545.6950624596519,521.7873683503507,542.390401132371,546.3870539412833,544.7677483136786,529.054780828178,562.9239724729182,578.475670236655,587.4551964058734,589.0034064823808,580.8661335937305,596.7356651664586,584.0752066549148,575.5584206063676,556.8282016005127,541.5497159894298,558.1315894081729,546.5653089229453,562.5750610832127,594.2645342002505,577.1599272667272,547.7892495296983,559.4475032227588,525.1141154414428,545.2043619305035,547.0000801232138,546.2813344038196,551.1422856442578,552.2908837196878,539.9552927454095,524.6609164229563,518.731738666629,546.3753884007186,520.8513205858676,508.5848423539284,487.04587231038676,481.9454606820035,456.2903500206255,474.5460429937818,446.78876047470203,458.35710702791096,442.0968297687426,440.15012954877903,419.1492868690069,435.26494443230723,466.6442636810899,447.1664337985996
582.1982189308748,564.3732549594027,568.4225566530358,580.1326218742352,556.065968380482,552.1994440007659,521.9473676472494,535.7411319692108,529.9042603499242,557.3193776346956,541.4988098348152,571.1509025374901,545.1561693267423,552.6438219477142,539.1903945387667,516.9151073054968,488.4907093258384,499.38568844384673,480.7074437719939,485.80445261696724,519.3637632154366,506.48109063500385,473.92719007517485,448.9247730829243,422.2773137417062,419.70716064607274,436.83270052231666,422.58380752704676,397.79280148611576,407.64647512914064,393.7290897485876,398.99101420044394,429.3560733775366,414.7503602223934,415.6247732364322,437.1016071906173,450.52187506545124,468.12534729999425,487.2052035399213,489.9993249633043,492.52367251646285,507.8459431478542,521.6813220558031,533.585358537881,525.3347869878675,548.3327721802088,529.8669744361711,505.7682120808609,494.92956741896,477.69775424730693,489.12053010152783,470.2917796820251,481.2460683665859,482.1716640054411,457.8431687707092,440.9309072591808,442.4517821604064,458.7691534350653,451.6467685272926,432.94505347975536
332.12971945563976,303.78792270477754,270.5483877810939,303.66743962087367,275.4161350264877,249.15824918423323,275.8795308010574,287.3248973014055,282.8499744885783,293.28161288938776,323.7305505365165,295.6869623370159,277.7467342392892,302.967762482241,322.6125166533185,357.21048716232184,344.1841042173753,375.32615201707347,364.38437020772375,379.44089359070824,406.2328999242193,383.1876465923046,362.5823524447686,368.24945780703285,392.31719170951885,362.84365917506665,387.4053158579799,376.4237529261366,369.85961590421175,358.6498926023407,387.4534859248788,361.60908878567756,366.80830246802157,342.17586811182696,372.1774922184659,393.03268416595927,374.40003336423473,360.2445121304055,351.95058508779294,345.3298223584735,367.54382246271734,372.0611573343607,367.01760937678165,382.3787353623263,379.4292767063928,353.4060778883281,325.9303207871951,313.74728837285716,320.9482050059192,295.3870979412956,298.89648989011414,282.7691650267255,296.4481041193059,263.42649320165185,261.25813340529197,229.91662383628827,234.84529341701008,220.77634763699174,236.78264033451802,259.7181068482648
258.0836143434589,274.5492027830408,280.442871479504,280.7652405990254,287.7290689586423,276.241868179686,290.9656369434662,310.54224587792027,330.0179164690017,313.8801017265599,324.6535924048495,300.0202932070189,299.69966615875757,264.8837143629238,243.43478749350768,256.9152488110773,283.1205541752963,251.552535076318,257.17310429315745,266.7473557005096,297.0147243833019,307.8747900084488,280.0870791814005,255.35917615951413,264.862665181604,244.95604255503025,275.65752255581026,305.1056266108223,336.51153682182724,322.0182193686808,337.2047129259029,348.6156864113424,316.10795110498645,299.697506449226,279.1711775267888,270.1277796484726,301.84153980663837,326.03365453372203,311.5733759295014,313.67558310645404,292.13421161752035,276.554591078236,246.10481850927792,259.26635361140546,270.2508078261485,293.9459212823896,319.9545482222974,296.15870616585795,313.171572397267,287.6011066951803,278.76115751738706,279.84871752653254,248.31161151262785,229.92496320464346,232.1798808162389,226.0174319111665,258.31423024369775,243.4965734097959,249.31682506385528,284.09391825080866
435.3242172338727,429.1289214833186,459.21438989801857,439.7892327736812,417.3542846323908,419.82979046524565,414.74091211344296,435.5299375255255,403.4706404168312,411.7114481256166,426.4589881284679,459.49316138614563,434.6965854029341,416.9336107125968,447.2046369224438,456.34865610627486,424.0120883977607,394.42616855566524,414.407007799602,419.1302226915511,423.7093064048723,450.29990143666225,432.17675579264824,408.40692452018965,416.3733408537353,443.1429576895071,426.71050281624036,439.401108351635,415.0676405817142,392.10124928975466,420.2069533401463,393.4645029835926,360.1686905494562,379.41452191721106,369.7901903139737,362.5562889681229,383.54631711169657,361.14182252211094,371.6647084285834,358.6116914472178,330.91048369249694,344.0352071204031,331.3416965389686,357.00398383857356,386.3364793548066,410.7701026892733,398.33472500975563,379.89550871493157,407.3915536834775,404.0978425548298,418.6396232038909,441.5411173026353,425.9791831433829,399.3160030988182,408.0539325328482,414.3673904362739,398.2813955223742,404.2108660193482,424.5358738328322,414.0366425969211
312.0807331917174,327.83081814438634,347.841859312112,379.6421199629364,354.9731275671594,382.22161469933303,400.7785314826262,414.91152503778835,401.82527908111484,368.37878566428566,368.9073202526466,353.9111766066468,339.19864793151515,369.0983483350009,344.8061707787255,375.2024373500643,375.46890705081614,399.1484563750817,383.99958637601543,393.3740328619469,397.3352205625861,427.02684682183445,404.57773670080394,383.8976289827775,415.32513694452564,387.182660399553,396.6104332326328,365.84992115770046,336.2392777261427,343.0396897292632,346.63544708004736,351.74728099279884,349.90292775129484,366.8680815920072,401.32127913755005,385.6259663848749,373.2667430969213,360.8802110609463,379.30903730235593,368.6701223810169,381.0417171118024,377.25384610263745,384.80017279424834,407.83124889059127,408.81535701938566,407.07748107865507,390.7657019310263,391.87902265841115,375.2478817620834,399.29779616234055,391.5182780426514,365.55581227109815,347.35353922594334,349.77424194865125,378.9143680567339,364.9536729569685,348.4607072439203,341.9198956806298,374.66270916108004,398.82808637337484
276.8738214083828,284.8365515054013,305.2670457394837,324.0277696354003,323.2469540582234,339.4751510554064,345.3262137969152,324.4273625965694,293.35111744112504,284.2160950446486,253.5518251809764,247.0788898097274,271.4558882041081,295.55647859235876,262.94165308616,232.80913581182458,252.0257665665212,253.51279581076113,230.23296106376074,256.43648983458183,236.59122122403136,224.03181548749959,249.25462432088338,259.07490603974793,251.68589775094057,266.195068794906,294.9917170032902,262.38448799695556,271.322048634229,251.5937594253182,251.5746159199958,248.22638081273658,244.6570029877305,231.35607444119557,257.2077002040645,248.77414114900353,276.58017957183125,266.40695867808563,290.18689280562637,293.2995360123545,285.29330245253993,299.57555747439966,319.6413811966392,318.42973651585294,313.2091665027005,318.628494428763,324.5899309241633,319.37347603399144,337.4098775249761,330.39037886774264,327.1002628695171,334.472538569083,368.5519617042295,351.7999894752167,333.03668546902344,310.4187941249322,323.67988912650156,320.1165137457901,312.3189575509893,291.6052837414101
558.6325834132685,554.6546958788356,562.1932276828786,535.0702981633556,507.6283533312986,477.34317124777834,468.0573969064589,466.1594590598927,448.2799295213393,437.75735493275096,403.1955573144148,392.77174988271247,366.1137433208718,340.10065680704406,305.4160836362443,319.1627232608018,349.3525874442587,357.86077670390966,329.59492033886335,363.8703817963386,397.16134375769457,394.9377612537188,367.4886065421595,382.9403582174638,415.2431325313044,434.7521048210129,443.44630464098157,451.204537806957,484.658805801351,454.77715937873484,430.24608075007865,453.40288188185633,428.5607975042395,420.39155158927156,405.0964995131041,387.13762966393165,353.9381662415215,358.5757546889583,351.66252114730054,355.27383603189134,341.5894104867166,372.491670340515,378.8859737974219,411.17046705468056,400.6708838527867,365.83115146702926,385.5197410144001,408.43626083364506,377.5454986376686,386.3213446300309,397.5925953228393,372.7939660161689,376.4706847158496,358.49460636344566,324.64622558776176,350.33000191409,349.7486638999425,369.4676009636923,385.07011321972993,419.62948149074697
386.4222934824534,381.35083595545586,366.0737256490378,374.8340305872628,373.86190562613274,389.8751841760496,379.8310030669495,353.9901349796023,379.3606166279641,402.323902565492,391.8939156635941,405.21853588943407,404.6867393287269,422.9547861279039,415.26405193441974,417.7587984118058,386.8059256963381,364.04962440750376,383.77321695176096,375.4828007038624,342.9401803999337,319.67472039976997,313.486582645763,328.74050013693704,319.1844530634432,336.347455869964,361.4116969806198,350.29125997501967,371.31754993482946,345.1991965499427,339.26904330495887,311.09841104467034,279.77537026030467,249.29228668428595,226.73474735589267,254.8788102725535,257.99151057192626,289.308683716317,291.9687048081929,300.97849806991997,278.8923753497545,281.7330467941141,273.704225210347,303.90469916017287,334.2791842648983,313.1740871400551,321.58324761574073,331.2555538237092,335.63300938577044,309.3360889454309,320.1171612642912,341.05313120898523,330.2189535787044,331.23757271479536,304.3805289592448,334.5287387633368,307.19638848539915,286.7827859521764,272.67627925817885,295.4815960009204
486.24924979089485,451.740260451112,429.58956875227074,447.1001512957039,440.36856566576074,407.2035129384689,439.67769442087064,415.26399832670995,415.9966631299879,398.37878996512694,415.0016423809021,434.3724693142123,427.1778975609548,438.2693710630871,466.9045219813411,488.9411602758235,482.9840005109675,478.88732428373214,505.9688034656236,473.37489949546756,439.9717095574354,419.37738346698694,442.310898594961,418.03582172816505,403.00537167454974,412.04017998436206,389.9371766886587,376.15532057570886,373.83921147433233,354.806861338088,389.27581921654337,365.7170404290321,390.21263777344984,388.1196259783602,362.1582835587734,335.45231456015404,335.47303848371394,325.2194504865586,306.6416114244682,338.7673510260706,336.203932870394,366.2207015664569,342.70068239099425,320.5433070970951,327.2652454630667,311.1565404462443,289.1021903390326,260.73016731796434,231.06911423946582,254.69780038916517,239.66615065286229,273.4864088363611,251.30488775989983,243.50154534670372,241.93273360351583,248.4750657099404,275.26366899290184,298.69758369039494,264.3945268508606,258.042381537939
534.6159577954211,499.6298043432908,501.9845743985678,485.14786789189196,479.04166633883904,473.4629953303556,465.88580618058165,493.32231473537007,495.87476736323754,524.1370380311964,540.009006543691,529.5874115118714,529.1368692202983,521.4269668946687,544.4271663686911,522.5590132066586,553.1078729649672,558.7375875626013,566.5606443403672,566.9301991776081,569.6746639267736,578.2907848924261,580.4373200769853,557.1217591434425,562.8925704045578,552.7164212527488,562.3085426589503,565.6569632777046,543.1165155193895,559.547889747122,556.5388310706863,560.139739730716,572.2247402754529,578.2089354499269,585.7414004150708,560.925701029794,533.653087391409,545.4956576186131,527.0146038852108,500.03694468369866,474.22356918035723,461.1195778533232,495.5446712167704,471.55289408486635,457.4504534457591,486.90184407750905,519.3334084973652,500.3524437779715,526.9841325715175,501.7083886881285,520.0159374791646,485.9265087244806,479.38988277134774,461.7033472415649,475.9839082327035,442.10783742756644,439.65095685117376,453.4219885833192,421.691329710832,449.50934245993005
357.25501481065055,333.8236230676075,314.60613778973976,303.3295528043722,282.21580993193265,282.95632270599685,292.2615442609518,287.6016518827845,282.49390237544304,302.21286873125223,288.2840386383042,296.87785701181116,324.3823679648542,304.8883735215751,313.2814246232871,344.639449227122,346.7251170740038,380.1079577328029,366.81118082573863,371.3117533123725,358.08425589643923,323.34461565115726,358.15618268235335,339.9603874449627,373.0775264115339,383.78982427683275,412.06517690323284,444.76936919698716,449.51741364092595,484.495807742014,503.2089013912899,504.87592031784,515.7219502112019,494.3209452240639,460.0932287248884,443.06848305738833,438.5164433777818,419.48012445810457,420.46263731713844,431.5187272728651,442.4242967098677,469.9878068471867,502.63014360101135,529.9787945362035,538.3910416904884,517.7945325118674,548.8361136537623,526.0763412874737,501.67625806320626,488.9061110165867,494.0585003102669,506.7615845492732,472.69207196346775,492.15363098385023,469.40499941995716,455.1589390258687,442.70500983156427,430.97622975447626,449.20196190913924,417.0680672632918
294.67677098908143,261.23911716975283,280.72007913957646,314.5806428251351,325.7489439737946,332.0586866381114,360.6233215753066,343.4701006207504,313.1224619804107,313.82035532846584,297.04476455063383,293.62047757829697,290.56146711902363,277.8796948037885,276.9224155146022,268.53304715309537,241.44720072782673,268.9242399819017,283.0133999920175,250.90502054200635,227.63090673599092,224.11449939959783,222.41506793240583,222.20961327994294,225.84608915006567,254.6321494484269,277.6716646590346,297.49191792852156,305.5213733862216,321.16592211117603,337.8596068699975,365.1115077915342,381.3755198660378,397.9276714275054,419.21335351744926,423.1581934323835,403.0702087353661,373.9881821652002,368.3212313919331,339.7392284099575,316.5905106187607,283.25931144213115,269.2737518146868,302.1735993828281,293.6987884693369,275.56127089291255,268.80273429258875,254.89643070705617,267.10158465890333,276.514257940039,243.42826148397373,249.87572305028948,222.34848091213863,245.2984890262574,276.427828355008,304.95197986592734,284.3518277122922,301.33698805278976,321.85160602562934,347.35733334328626
318.64749490419797,315.2059341222492,295.7112441548105,262.4129061595939,273.5437901101409,268.74624336266106,251.11442500211078,276.0057903927322,275.7034351912764,310.32947259615776,330.86452048188545,356.70930446339986,375.8425618792369,348.2573048057804,317.80933485153736,346.8648489345498,321.53865209733596,313.9244826445342,321.61825345344937,301.4511379465891,282.22109100613346,279.85798496652984,270.12064136872476,282.48093806011104,252.73627174655496,253.10669005423424,231.8682662047271,248.4361492349125,227.37212371918955,228.37408189943866,254.86794657990234,236.43063469733238,257.90773818757077,242.02212716574414,233.4017682908911,234.47962048413095,263.58818026156996,256.38977641514094,238.4530135070191,248.68499703592073,244.55957216646465,267.06382620460175,301.39501948651366,303.255230473122,299.8776533088215,288.8901311907935,322.0238424497031,320.85367177003087,298.31345196555435,331.15856534248167,363.4203141624366,358.921067825892,348.29408873819904,360.92471000640353,383.94939916139623,383.8466484212432,372.0035577949555,358.10113855536645,345.9630494603757,319.22535526894444
515.8757658149793,488.22295626131887,481.10497090668855,504.5510045065491,497.8384172049821,483.47174305979877,514.8495037260275,488.7075664733382,515.6473396682513,484.99271557982763,478.93977447950755,488.16024836435827,479.06293525427594,481.48538472157804,460.7655013826808,465.5979176053594,440.01702778830605,460.7437699145764,466.60906385552545,465.3443118928451,434.1709876011608,434.1551911153314,438.6050512406182,422.2017771791197,434.6331010426952,405.00666145264165,384.6148971540363,401.2432933667328,376.5488486915545,358.73726606513765,369.29714041844454,385.3160596852224,353.92030750886266,327.7815664365177,324.0098268455461,330.50547298379985,327.2701593879926,337.56505888481564,355.4845623413528,386.952631666906,376.44428158596725,352.8616153812799,336.3474956814541,311.7190068350795,304.3162017731836,330.39591038629317,319.69010317239815,295.1076923279799,296.6919940695878,331.1280612357976,309.30074654261074,328.75199316558127,351.38711921578243,344.48080326085255,352.8494039673693,348.1155455199525,331.47843107775054,326.3067470828158,297.9770566469208,312.4639846031833
535.0933520191356,521.6113473550695,526.2647250616683,507.5151223044288,481.4373538165256,492.8906533743768,467.2781851299307,487.01671997436245,471.0395383869271,493.3354758971134,484.1307961044433,474.94977758945225,492.48987083652617,493.20847506100915,472.27689490970033,496.8054932734408,485.61621791994395,457.810591178632,451.93066432323343,457.10798774511096,464.7999611208478,488.2925102921152,491.19098795765836,471.8507217723729,455.16736492388645,427.2262061044946,443.74090635103295,416.156814606016,423.5636988652517,430.3500164485146,450.33526543678965,420.55934441476916,399.76313846055115,428.43250485217084,433.4890829145117,430.5273978322172,447.86473641457695,476.04186799081805,459.45254257728647,487.5558365940805,460.16446041693325,493.6022737580247,470.1419015149974,453.778447317158,425.5400231235729,446.79737860563495,480.6936229485525,466.48197854843625,454.2748157765618,438.80340901316197,414.6413760282067,434.7624711999152,404.01286000055376,436.7570491337535,466.6691358493869,439.95987181928416,442.0265414040179,476.5261365091215,501.2094839425113,516.2688447596105
228.53515926754272,222.9768229744141,250.15424678621605,244.5269809313595,259.78973162341754,276.5324455164386,271.0853379431948,246.12206049224937,243.6355648092279,271.07441739154956,259.25042192378805,228.63588290540818,261.8525462111733,274.49992983934413,277.35990247497375,300.3974167426604,294.1786642094571,328.1367697901988,353.16688464804645,337.8050165639658,328.7783756664006,313.08038316029183,324.23424215966855,333.9874773343869,335.5628884802771,368.1717147003752,366.2309848728135,386.0915524665731,397.15821066894,398.4311564790668,366.37781398386466,377.40246565127387,387.3841215506096,361.125301172088,381.8393494473346,379.52893528848756,367.21915629682417,389.89631330604175,378.9322804708894,387.4618358607572,395.7158719627117,364.41229074284036,359.0106448830705,339.6051573783074,318.5751037113813,329.422435915286,295.2211355852887,328.0566640603035,320.73403448064096,306.6502814717843,336.0484894674063,335.11553941488546,343.1183070188549,356.82785942344225,382.8266485673547,356.9085878545486,327.6243103909903,362.184065294422,327.8059314082469,342.37956416129873
452.20483754427596,455.88340906391767,475.8913662065242,510.3644725410063,478.6464800455812,486.66361453060387,501.8380513283374,488.25380276044865,515.7540997049139,512.7435986063937,489.25709094302994,514.0656380644509,545.070431494176,517.036475779988,534.6541364808068,514.7051318223721,480.1756870592036,463.41865466118077,488.262343126633,463.1452145014943,437.29203631138654,454.02537574539747,447.47055044492214,422.8645755223443,403.9646018760963,424.58673662508863,433.21555192915,451.48056600880494,423.32469273796755,420.39199253744744,441.1894300921407,424.7949226529309,401.6381504392529,393.3630230064564,381.69962117517105,359.6827156969253,391.45886047186343,390.2757487907443,397.84109371843897,371.3185773309106,379.0210335001165,382.893622024709,413.12867496882126,406.9908510438643,426.7351980771995,413.02786656954805,418.5536915124997,448.44161931959354,457.1966110727163,471.97771893637184,498.29663570055317,528.0763411321692,507.6555823963839,486.3642446104269,489.8975734940419,524.5837198354872,523.8943824672417,512.0577298844817,514.6660191297979,484.173723317897
287.3385727177673,262.76300193202303,229.71709008699665,252.29523261721332,241.90288527475326,229.59020238323873,242.84105339729086,238.70836515688524,241.10834194716827,237.70396708691544,220.20994700965815,244.23602284140853,226.5568637266172,229.10687073147005,228.39428923846546,234.37944826503897,227.9104730268696,234.8878797665823,232.13594243515254,222.8854320506561,252.98165451738444,240.77390924982444,225.31425778512474,241.02494888281853,226.90650461511515,252.39763381476553,224.15020766954513,238.19059393105303,270.2026830666244,246.33051682271332,232.35004502652018,248.43204059140893,282.1541432430929,274.1626456230845,284.56780211748895,260.22999651220334,270.1277958407045,252.814140387547,261.58957191235993,232.79585647821258,245.09134401693558,234.26598520624844,253.5850508931977,271.27897039738673,295.64894753654454,330.1166233608803,327.2714579366065,339.2130671411192,305.50272727876774,333.85881961020254,341.9608397972031,336.4549883463297,331.85688033957524,349.91657558480296,373.25947583231556,394.8127331743552,395.55365888764686,386.5339235174091,417.7216788164966,427.1156455504113
426.5882954178004,433.4706206597809,442.56127623282066,457.47637812030393,461.1993067731855,487.474181585209,512.6541765843691,508.61221871006774,485.4097465588553,490.7756465228324,499.22741307201517,500.86398324877666,528.2044301779544,499.71584816966,484.835143508124,510.4404327507073,541.1993646622616,536.0141198914414,514.4991986203071,508.92226337600255,505.8539145556921,507.2237710270706,491.4284866398772,478.31240513805477,489.20353933228125,497.729129902046,509.07630596011944,500.48625478395013,489.0382334789426,478.6459405870483,510.228294571325,502.8954517914276,510.3247195350824,511.9237426367401,538.2592697563546,529.0974458109181,524.4875569158501,548.4831571306048,524.7501901126982,531.3508084639692,524.3443829990355,558.3497921238014,573.8466802998448,539.4922308140668,563.2554038453319,577.4779797780237,574.7455849079068,553.9733681089037,529.4255336374421,538.4135030375313,534.2093221344948,559.5227439906738,542.8888939101108,552.5152925693483,534.9343051354795,544.4765006720097,512.8606256271096,505.2801455041165,482.3681386147191,489.7835183503623
340.3566602075381,359.36394344491055,332.3855486750118,336.32046335935877,342.8779137652746,309.42520074567926,276.94420050521416,263.5210125681754,271.1562933270093,303.54039298836375,274.89523868757016,289.11663281232654,302.6067613609209,314.4699584061643,315.60027231341843,348.2780888561285,348.40234855033617,372.0831440942807,355.45958629550717,376.901181246987,411.6593826227123,440.3654017668755,426.65042207951166,450.88144538889964,422.54944400091,434.9889731738237,423.9392094828918,435.04611575458364,428.9035462851462,394.5358667729188,375.72522555627535,343.69226185635745,338.601156452347,362.4061465233198,379.0659196515753,399.2897726886599,420.793748104991,411.82953326803425,412.2513343325721,412.8429162385502,385.7675124240752,392.63746097305443,408.0500455030779,415.8177928410085,433.0354082706751,406.35779703941506,424.65642328280745,404.2262305186008,430.6041081173681,412.7492999819238,412.18876684025463,411.29740760621905,395.11693003365997,385.4366009430316,363.42837337832304,368.3354222004215,397.24738397376507,384.4099140390806,384.97429672308266,410.30593955668814
391.94963783927955,415.1378608313339,411.3852073932248,407.2021800629859,383.20897741553983,356.95749512540283,364.762267226017,387.67561395352743,362.15406803304097,390.8606442605301,380.9822303910336,375.75023484749113,403.36197298876016,431.1027245112586,432.84284589506865,417.2163920068025,394.2521550704748,378.2627583906131,397.90667622437184,385.6280323793273,399.2473346516379,377.9113922112097,376.40664649943267,366.05408162355025,366.3069442559664,371.20311462037876,405.5685621447899,433.56121544803403,447.2718688747274,423.0339118118567,452.36591075560193,479.8469357051619,506.9161758103587,505.4473563150726,482.39682608934663,500.20505113717115,492.4011038665008,481.5208841449572,473.8756250241066,478.0105640467135,466.35688219880467,479.65132496867295,489.9919906707293,490.6123736386124,459.39049985659705,489.94848762257914,483.76722744100647,480.2289510410186,477.1512268980402,467.70318397473307,479.92433771799375,445.8985764256632,472.0441594774107,444.21489124627993,479.19484850361715,488.1606325459876,457.79788573331547,462.16847989319433,450.36002536578735,482.0730509846237
507.07898181711624,507.5700086225068,502.65442658803,537.3652471932976,549.0821331405508,550.0572151079376,542.9133033273583,530.6341033481976,545.0134630143117,551.1654490577336,575.5383875290088,573.4540007372357,574.2941680449726,568.2724912035636,584.1602871055474,570.2583701918402,590.4143287001743,569.9958389213523,580.0193490034064,594.1154703569188,590.5586935349219,570.7846469939044,581.1424554103619,557.2901492925965,526.3617048542231,546.7584266293627,568.3190646955793,534.8481211498798,566.193772120778,561.8744572221208,590.2435075425981,590.5194347547407,595.5810127618091,593.43183620827,598.9190352636417,586.6176063062811,562.6129333147559,554.882352466065,572.5138998694007,547.3222979421167,577.4112614746481,554.2330151563929,580.5512468289655,571.8894125044009,589.9414439287539,598.1208643463902,578.6892974973166,582.915588562963,559.7240414989546,580.7790416664524,590.2361961328387,568.4525169207848,535.0590239028223,530.24339152741,507.1434289245749,529.442004543396,512.718814004597,543.7773094828539,576.8039367582361,594.6946096718276
447.8535015283462,431.57346180736033,453.08155084567284,467.19322753023386,500.5950118237522,492.0026523358889,461.1164122776293,496.0034552963556,519.6819100570768,500.1861882379753,515.9801388509511,481.0284511054856,485.0750851573362,475.47376202745016,467.167074914084,449.28346134612934,433.52262644046345,430.34943291039406,412.7195853938384,410.37038167469905,415.78472211463094,430.5625217143066,442.96271726210387,424.9019663794205,392.6452377093884,415.93296833590756,441.99486734342906,475.5171337247581,507.69694273129124,517.0639245998002,544.6629438757107,541.0235332282078,561.1370280089609,593.0104459669311,591.4458274701765,574.5541439507664,562.388125020231,547.7961178133436,538.4905645153115,560.9309308407657,575.0359533260661,555.0197201109504,569.8271791117429,559.5534518657842,563.5975273583493,554.5233764522036,556.0374311542124,572.1237038106906,583.0944911521876,587.1888161861187,570.8848439156592,580.1560670135749,558.2479517317389,556.6679411611295,562.485425337359,575.5391784464007,594.767209369698,572.028902114286,590.257484186809,569.1779659522037
429.72557923342424,452.6925685531602,468.3130409220385,493.7139177434516,515.7556012195977,500.0999095550153,534.6054765748421,565.1953668293372,560.2235484642048,528.5282117624262,514.7729788856652,538.3036560274151,569.8645853923334,589.0358829506192,572.271835516463,540.8182663681107,542.0490654487785,533.3958410691995,507.00390817166544,479.41364241890284,455.12622427482955,434.53388141175435,452.2989300673374,444.0181730023869,439.6038421160494,446.4905355648677,478.69987898510885,496.6527124081326,506.8525953798167,523.9208447323639,539.2713212106651,552.5887694802644,552.3372678452544,557.0165634550528,554.3209661064791,546.968060899769,530.9218259227066,520.7867500110739,515.7838232227497,521.3403815716637,521.3316383758746,493.88806517528275,482.68622105729094,474.01976385940503,488.5045814173215,476.80702732220334,442.363934413128,413.2674980462309,413.057387304147,391.252072603213,390.8756413927593,396.0700174387879,426.4106706186427,437.3012653230601,404.47411590740035,396.12525218733947,416.66724014204715,399.9066120613421,429.654727066359,431.6854766658136
255.1301228924382,237.04706070505782,267.1702094319129,301.5723920141496,326.98350449386436,314.4308724194988,333.2482032952057,313.8041383469436,305.72069846831255,319.5224674703614,352.3455612132807,348.0894405879792,347.79799006031277,328.2097870868866,321.43537907934217,290.8466816180373,315.947694311916,282.58111555691005,295.42783647844465,279.5533555802363,277.88101582255763,262.5901066295406,255.59505339142393,258.8695054407571,268.7320442410107,299.5520742579489,287.80613738224423,293.74616329040686,321.86671359498393,307.1829401515079,332.7364388302916,364.765295577581,389.089854971465,393.98009006537677,409.52817786490743,408.2027886634805,415.01069497496195,448.22387966344104,430.80231859432917,451.28061717217423,451.71693765501044,429.0980653952415,439.1455420445526,459.61542550200795,464.4283328546438,488.04862892406,478.6594319101491,507.6232128392701,518.005619838313,539.2267725835225,523.335731323604,519.5647131568082,548.2379319786185,516.8006205137501,510.07934046317274,529.7016465269412,546.7686748394013,571.382272993257,583.4206054562736,597.2710450875276
409.33863103301746,418.0389196127478,442.3783227119637,456.496689201908,428.64065952306487,419.3304112047003,423.01176708793133,440.84199515824116,443.8917249755413,463.3201718724067,486.95283522481026,470.51181414547295,478.6386862668209,482.63641269047577,463.5486203763165,462.84008662289466,466.2398665427049,488.4536578071154,485.72291403207504,456.3870328053915,455.49774988164603,479.1543159879963,484.1421976509245,471.4627635900798,500.9307299489779,476.8263268728022,464.70776254733335,460.30719089140393,476.9656430462153,500.4679184950186,469.56715183218256,490.0096592646342,505.4466483321806,533.0723096690077,561.1033190267957,580.530108133027,555.890427777678,542.8614332436016,573.4038121629965,575.2490070998749,572.4404959152354,594.7268243701254,594.9335770802271,589.0817456315092,594.5932313510942,564.1929349387856,582.2210126007792,598.1865246647087,564.9895305993618,545.6027262247062,566.1805134452856,566.9698922856383,537.8625482751211,521.6196103160426,509.30378231062787,496.7781728398443,523.2152653026625,534.5578173177254,551.0020268035562,516.9519330257548
382.4545611249641,369.70200508955094,394.3367832463631,426.10765902075275,420.7415184918431,453.85576151183403,419.8609057948978,407.6612640895002,426.9064465445967,417.113420677849,446.5807838043031,426.87332627917226,447.56999719214,426.6891548603167,405.48649909741533,401.68895418424455,432.8347953673678,438.81664270053216,448.26894534168275,413.95023241448587,382.91329673870945,352.5986785349811,374.9736307612674,356.5532792843509,344.57195220906283,352.26864671309147,358.1454489488238,351.8825137786146,317.1835282010533,313.6557084546104,330.37749155501206,311.84424362779396,326.4293043469612,292.4900017341707,321.0505480361879,352.55329257209326,317.72559641181243,314.7728853782683,308.74042119497517,332.67225610934065,335.52276750196944,343.318350397493,322.4937706135426,292.8882973733383,306.35147417612205,314.798793613982,338.06180499281146,362.18964631375536,371.3621154918609,374.04741229838106,403.02799112921065,424.1164806388729,450.88623028660334,485.5950931657828,478.8404983094387,494.0259246697913,507.1906717360018,484.3806616692978,493.9390636478108,488.9053129593341
391.2415242432102,368.8511835329942,385.982937762512,399.8388070399899,402.09911677014134,378.06946015594883,382.0499951309477,354.05933468123914,342.8153765111971,333.880425506687,360.72020298453214,354.8095482656391,361.7024390694449,387.93696822272375,382.7401289356178,409.59937534056905,384.15166721743384,374.690688218631,346.3215956532835,350.58666970297344,382.5964139315196,393.58304240400815,402.40833561842055,386.87943987544026,417.0569129790588,415.0643479133574,398.75449162656474,432.8934902568753,427.51216562250704,418.51709439117514,385.96438310209356,363.44503122222136,385.088426077281,383.8770833994315,415.71831428419506,386.59032050984575,394.706361477736,410.10525180576803,418.5880706582903,420.67949986710016,426.16038229080993,439.42885368715935,464.8573017417864,453.4014268417144,450.5772124726311,460.0908835358331,447.0860001986844,424.6008008149531,457.23261378942243,435.86363600515904,417.1549526833166,425.46297971709805,395.87876141160325,363.2620971786677,332.7430494450421,306.3715046500459,301.415284999439,324.4635300419534,313.4015625586403,308.3287615839597
448.09541527762946,434.2455250712927,429.5231765850514,421.56499466555664,410.49684258105805,402.6843644448007,368.4626041736451,395.50085094215603,428.9151267635644,454.2898601626941,419.691819346491,437.2538076151145,442.37081969618447,413.96306346672696,444.2632029082988,463.5984019538834,438.76914200525,471.2520420837947,445.0859547805395,441.9135462761894,418.0418475623315,393.5552032163848,426.30160490260755,431.3501996000714,414.49244383858155,433.84039979923887,460.10750775041436,489.33978332555887,519.64873129324,548.0394593761106,557.7647270909705,546.7373925774644,576.5271299981862,548.6898535556263,525.5058406091836,520.8737684438821,505.7303143988048,513.8316113944758,542.2027460019993,541.5749388480707,545.345880387368,539.9652414160445,554.4950826143602,526.5432972035951,494.94458921845444,504.8382824287758,507.2797805895664,500.79484262092285,489.1743275524649,457.8008486354837,470.43978000446356,464.9425075119138,461.11127027828695,488.6524098771194,505.28076165376297,485.6417820622934,496.64343681881815,470.9013091140742,449.4857798637242,464.4762267149946
267.8383589349611,252.45193553092955,280.57590329891497,297.25798677862315,327.3201530134945,354.04848695077874,340.9290464890506,350.1954669027232,341.7041643712473,355.501467585075,344.8934591006389,309.98567513224305,281.561350194268,300.5322130298622,271.41258016392044,278.3721679907374,303.41666385588087,320.2937504348288,314.23446607219665,293.83676114271736,323.4143852846453,328.0623630095995,321.4417671582934,352.3858060899229,332.43704816095664,328.3967792327101,301.00197887415555,274.74359713712323,267.6453350569017,281.6215599758586,270.3441360666514,283.61599414886155,304.97932699652904,331.40978102226256,299.54014630602416,318.70136215414055,294.00131070982184,307.8796712407752,298.8960438327753,313.44157467141565,293.4092717869754,303.55862211004506,277.3446082043809,254.22679654035738,262.5372306751633,251.11123509068855,266.52763764329876,279.48879812148687,288.0031774393424,304.1410153257446,324.7164821722011,353.5161119452288,324.152220008952,329.16065104344347,346.5750293968715,326.76093136376295,310.2144113721492,293.90191547562864,298.9652234788449,289.5971632714411
473.11600124620765,480.8327789839632,491.8306073011766,474.4928404778224,493.2088367854322,504.69132533924073,478.8367982234423,457.84889789207693,443.9164581335295,474.4393636822407,462.283854134537,428.67538992110934,403.58919155722884,370.84121921278575,364.0399663028109,384.8407043706902,381.3712090119204,405.1007984474407,373.4278509426923,371.3084514328258,391.40372748188526,403.6342827176618,428.33207031749447,412.5005009911647,412.56005673132813,424.9415572152841,401.7358541463992,423.8423241737918,410.6452277291599,382.17673900325855,400.77582935099576,415.12708793223436,441.9846706621451,469.4299028427438,453.9267077634542,463.8221020287016,498.760711760741,480.8271701530161,478.9285369521194,507.64018247695503,479.85575738381675,509.83325021275044,509.0041418320748,536.5169970321149,545.0129957899965,557.013484081612,576.1224866815714,545.0752928315165,554.0190765642913,583.6946836983213,597.7489137796258,598.819939379232,587.186212102031,582.4660551368466,576.4892244937433,577.03764269914,577.5174408902717,544.9551766923109,516.1761667076504,524.5353267311478
339.4022434146244,325.5020273653175,304.04287211736533,325.11776997775155,357.62076523819564,366.56382546196016,397.7432181544097,424.6151091101368,404.869997600449,380.61681068282996,360.4278856698329,332.16254254042315,337.96408422951026,322.74958722813966,351.65375586073975,359.59229998664625,349.76503889045745,383.68988312796415,415.41349784039505,434.9165643120391,455.33442159281356,488.7433307995278,495.77526638432505,522.3766558375548,491.9145963985542,495.69897276035675,495.8751165231395,463.51578687859893,434.6024258512882,401.13115053246935,386.7122008465206,355.45798691266,350.07916484591607,371.9714136420203,379.9395002325741,392.10479409333857,359.31026219101307,383.0771074089238,358.3104339657331,344.49599528800724,345.6715679333443,375.7711081042654,410.6415498904078,430.4277977439065,446.47979340482937,448.4175565546716,460.0114702146129,435.1211624945977,418.9648909348371,452.889891379633,486.4629429998207,474.0710106262176,455.9444107062268,437.0106759434461,435.95118278874,416.6148433741174,427.00960765266603,397.2469944474415,369.5044000167874,353.8897992622934
515.4284286838027,503.0586964167436,501.0158711766132,511.97941439725594,532.1772089353641,518.6748404210898,534.8426992025853,519.8674175071786,529.980052092841,526.5416619484694,556.4056093030115,590.1521463384904,589.8699061881777,596.1848975371433,566.4833236779269,576.3250188217004,552.9642540598395,537.3520494079108,538.9496762930048,555.8887851260847,571.3933703197681,591.6967487056479,580.9151681698971,596.0162547955235,595.6294775797458,594.0573145054221,568.4544840939373,568.819964977821,582.5441287547748,598.746436228412,564.1686914096055,552.0667087857623,541.0312264667717,526.2286463515017,548.4483473349078,516.6033478999461,506.76378040053856,521.581702979861,515.0534833173499,490.13793417580735,497.8976072689435,499.4803238164968,533.2090423446076,550.6058776830922,584.6381968322901,559.0232518639571,577.3349025134103,574.1451742297347,582.5048156632838,572.0490158745367,550.4192269946788,518.6207934372375,542.3009714501061,564.3375558511723,540.7153372162159,550.8780001842847,567.519359221536,570.1482512239468,555.7211003520383,582.387313505044
464.12744226574364,479.54266810671317,490.19068517187634,505.6808921828325,480.8355923282436,510.4172002100355,495.42395606713063,518.9825416792277,546.5194359660117,557.1050884322145,563.9861417784267,536.6195165604374,532.1550023860115,539.9701093113814,510.7009583851755,483.5032991886036,518.0469870461083,506.3033776134899,495.7846517238713,478.39169226586375,488.6130761304631,486.7283882069389,507.0585552230842,507.9331934529893,474.0123120728494,472.8004293957251,441.6635397373593,464.53858637105924,437.4946523199883,417.6814333675954,414.8790003632334,393.5418842412624,396.2872814550546,393.536171166324,425.2127539305342,396.39890336325715,401.77014674205566,417.19811941713454,391.13201005104446,400.68435899406256,426.1810927859504,446.3099878259213,476.77193615595536,492.2129349278215,484.7920130048837,514.2236099262406,494.9985836592766,500.8577431560276,519.4537993126545,545.513481002338,574.6714301789118,544.7978895818009,560.6220314435946,539.9093319844657,559.4476928885451,573.4959741238978,549.6498742799434,572.9479863493104,566.6029115200058,568.8010888619707
589.1334263465174,584.2505922192325,579.1198232708259,545.0565299529842,524.0015684095599,490.86114788305554,479.193017683186,468.30860239509866,470.43170732252776,483.71549861200396,461.2696606447459,468.38547010142787,497.57380931845137,475.52435924959593,486.66052136817143,454.85176125580494,457.0320956561836,473.9398436535882,441.3227683368982,429.6793457168756,456.1363346943149,436.9199204003176,452.52113920801634,460.377818382941,436.8359550001056,453.7554809788338,456.0011504910876,428.84295654192744,460.2989547704963,459.7362968105437,476.8919552467539,457.1309738335554,431.73379849186006,448.62527282095436,460.7929653200411,444.9805034593136,462.2203439454137,462.56980221670887,451.9716101820273,472.05403740560354,480.2288297335581,480.73761535159787,499.8551121241653,502.993097310586,533.6905076159372,555.9544061110606,546.0275362028744,543.5718837411125,575.5851985497897,593.773589923826,566.655483298972,550.4026461825233,540.9120825378614,567.5015150679346,595.1007785206336,592.1135294902247,568.9376916314841,592.5392404302787,558.9353980132285,553.5316416755647
363.4988802860603,365.9656526993804,370.21049170581847,350.9888057848606,330.3077049798635,351.5573664053144,321.89114225410344,321.42116532444663,299.83641378628414,287.2061195447526,271.61672888679317,286.21328470309743,283.1347269337159,269.09565534494317,292.29029520355755,263.2959550939137,281.9412002770685,264.32309333008936,293.58443891396416,258.9735748898326,262.94000850498634,271.4985573869179,276.90958067220095,298.96065112613184,271.8121316919986,265.9010519924795,291.36262610387763,318.574096300907,318.4582045276206,322.51588709852615,340.98947793281917,360.56220553372407,387.7278964991343,411.79791444194734,405.80754634244795,416.2902791954639,415.1167472457853,388.3740498951945,410.89171429554887,418.01516137458435,387.07552564099825,399.45630517162635,384.2733776844235,354.1219422945912,361.5831663224463,377.83777211149334,379.04767271399777,344.44305186390426,349.8248434498865,315.2874787221437,345.13605981294194,328.84742085369555,354.81788309848724,320.6655333016682,292.4706890361201,289.0692703583061,307.1717868919929,338.15110592703746,339.62774298882755,329.5099929454893
236.9307251685288,250.31245615513018,244.82159170584112,274.38581212633886,272.9899577251389,291.5712465442232,315.9459835192659,287.8254163367087,283.68465787964584,311.2448780505077,305.95674893288606,310.51754832060305,336.6348246315224,317.9163756998079,345.53709209745034,338.3290815807234,344.841414586858,332.8041783314677,334.702512094639,303.1525183062142,272.7207165729276,266.7513099085586,255.1979445489091,263.3033712681667,230.95708296123314,227.70556296509793,228.95073983156314,239.3599391165984,233.41792265477991,226.66534127388798,244.89811105443627,264.55652633674055,277.52529101254606,261.85789767847257,286.66903622416004,294.4965887840782,302.5232578545979,282.4226494747499,264.37755158828065,262.610066808948,244.25753898178888,260.7737932922833,247.37260915018638,229.47540689463077,226.74308783743822,225.31088034210214,237.72671281364347,220.16029112344413,239.06996755400556,236.1292293635251,248.24781686665702,279.1636152417702,304.99694795461403,310.3470367503059,304.61195863501666,318.49734561079214,348.1170988945086,347.3853936502771,319.3369343362494,337.9631083659287
223.98207847986598,249.80719722207817,225.50320709550604,224.31831319137115,250.73539553895964,265.3259820039973,269.659201057562,292.10016454727554,316.695960299339,313.72181819527907,348.4627262890967,338.49332206383417,315.49886572729,339.71721674568244,333.80713631483553,360.0221119008385,329.3037560151668,302.07740382063173,269.8964901063091,277.0372573274778,300.26775000563276,293.4540048582398,264.80268633521143,255.94550425537818,245.30873351915926,258.8069768376595,269.45759085340285,241.66925106099757,243.81110329559505,257.78698820565876,240.90727284896118,242.75874865038088,255.44625130489732,248.64720039204045,221.96421444152676,228.2288253931702,253.549066342402,237.03472258059335,262.549388246948,260.2329360460757,258.33741564988514,277.2735507230816,269.10409663419426,250.7977380848602,226.91089281368403,248.16034280056493,249.68173190988665,272.35383886346324,269.3910684636647,263.42781572170355,249.34746160693516,232.8326773973824,259.72202247223794,231.38681843851157,261.8468349114606,228.73047549807512,242.8383429496846,223.3736273814564,249.91635317706573,233.7295830515432
435.05057896988353,464.2018061512496,474.6499316441195,452.1323291922936,472.89977300513664,468.80334548172107,434.72571716571406,433.7992650732625,455.67319248169633,450.77022664004926,468.86019017364873,483.2470020910571,480.230864304737,467.8606452565183,483.71844536586923,474.5427346075548,451.44883207856043,438.909246385519,465.2879898904824,450.1252277400994,431.5724651792309,405.91187013037023,374.7743192501109,408.14278404408515,410.7171619523279,426.7922741957767,445.9004154765861,435.5626051070192,456.4860188183047,488.7899159277081,505.71324544454546,520.53456431094,515.7909293716814,539.683338178297,510.90195443693153,528.379814293868,518.719362243868,523.3375363497133,550.8450002425052,558.1963694393185,524.987076564691,540.5694157513078,570.6011311855625,576.945974228919,591.9548776054837,592.479834405852,594.1021249032918,573.1751001933275,567.4902127488001,589.7407742552466,595.9447088757711,566.6796463784788,544.0820027459251,533.3600747497705,552.2809227223256,578.5296037303782,576.2959944469665,547.9452900442327,534.2076661419343,559.1992765953685
352.0708917426057,324.2673987588634,310.4121913867789,331.8816360477655,331.42520335910547,308.4352976476014,295.319563728197,327.07025330534947,322.3072774722533,318.2192253086798,293.93409745177473,280.2528987747747,302.28092808057795,322.31485628880637,317.79977221481977,345.3554305658185,336.9735547602161,362.47662534775145,329.68621388868064,318.99233420476037,343.8471276661488,371.9387969693518,389.88847985477855,401.7790870374776,423.8644306998386,438.39350387538764,421.18897068795013,418.8255537365906,430.0749035886218,436.2210965869031,463.17792908551735,461.34705391266533,438.80617037428976,418.82691299319146,443.0508721133418,408.6613389089597,434.50046424873807,403.391630241017,395.8077230072754,416.82005892846945,410.35313530603736,432.91750839982103,404.93842681662585,405.7463826670889,411.51956392701953,438.88036573362643,410.43386417736997,399.1359121471798,410.2902787899585,443.88538452016394,468.2645871972139,492.5192415159262,493.72201857566137,498.22295712171626,523.3235637073619,549.1973547453351,570.356574328383,588.2718257126978,594.3753230724061,563.9976772632135
331.2029632238889,364.53091060064145,367.6652417981211,345.0177120010395,345.2316063250064,355.4364985962578,378.4120374718938,400.2644082935366,368.71131282680574,365.4580619148743,331.89789584796483,359.0688245046024,336.24224979090616,344.98347845264084,349.92676444226885,358.71382486726947,363.152988465468,378.24419588113057,387.07189350275223,358.39291077670924,349.06666734723007,352.3282078626557,340.0920276755281,358.31518961200993,345.56802966585934,368.5759218670721,343.84728233577596,362.7047618847872,340.54734273975043,342.5084123686018,329.9451184760764,339.55852899446916,319.45035768338096,340.12903901801343,345.2799096636642,377.2890304501514,392.11295347425704,399.6306412394846,422.6717495707285,403.04952931405285,412.34150157456486,404.66977104620446,421.73513958645515,388.44799825084374,383.3878450077277,394.00697813603205,391.25173168698325,372.9097433869458,370.41419100450634,394.8963077887732,374.3750389996424,365.07709045371746,399.4005769587264,428.29777878105784,395.67556272992374,397.7988004620647,367.37771234141655,397.0510569974563,392.9592008854085,387.2497911603686
323.7194920989381,328.53682072638884,303.6867313359263,324.6135813734146,323.9983055126755,328.6507079046667,352.50704024048315,330.46745441242956,307.73026954637766,302.1863866472669,322.2153635308889,291.31355227729915,311.97546655021137,312.02842810163804,316.35186959801376,320.8588852775559,289.7906025045963,272.2745583448664,290.1453799508953,284.00414831514513,288.24033707277493,319.38114061463324,287.6201643968485,284.0977899940159,274.38697929336877,246.83843912700064,278.795638458079,311.09780974047703,297.9019805337355,329.17214328197105,296.63429575267105,330.2970150762052,353.8122562248117,333.8153716815967,340.7836724570179,361.6646278228691,349.01555530341363,338.7781807499117,347.8062750414166,323.10285860675725,296.37760128732583,278.86397075568556,295.75215292997774,286.4140987787867,286.9291742944123,265.6107132709396,244.19810998540962,258.50548518433044,231.0917528151222,250.78194971873003,246.35894910341776,261.18847782326867,252.90954121435288,277.4550156350389,246.34394748013466,274.79838337995164,258.6046657866183,226.582620484202,243.38624963376384,233.09920210142167
394.49718680996546,415.6591812343127,436.06745448668335,443.09444762652237,476.5454812325577,474.00805789977744,441.7652452246144,464.1250057113475,444.61557661532777,421.9522932451195,391.85298778277394,379.80598383747866,367.63711153127184,353.8311187689235,360.3546245527309,377.9625764056983,408.6062467110121,380.1897522186224,355.7164804927927,362.0054562295124,333.8749478009206,324.82844772426904,333.5471038624916,353.1852561052119,333.4172062272741,345.17619571406493,355.38707232336986,380.56020116145186,367.5225258649312,385.0289564071036,402.6689469180082,384.4125648573962,392.89361350048614,405.15495963727864,389.3649485208378,385.9909481963625,381.49538910431704,400.64105889028957,365.68944680425165,365.76130960622015,343.66516655568694,353.9441043195673,366.5699247275338,366.64878033608466,369.59084826099337,356.64492149485517,343.5775090458812,360.7357032354064,334.9568989552488,353.9621309837793,364.81305369591405,391.72628162179893,374.93641007578475,375.368943702919,343.0982095099653,371.9736697638002,384.2510720113413,392.8523394463422,409.14058351540444,394.04360348855994
449.46690212584906,470.5314358542162,441.8520469835007,473.96922923382164,501.4013054089139,533.812623782349,555.3970194145613,540.9987958853137,546.7076786197396,520.1190481764274,537.9107193930514,513.6654960125484,539.3431714572446,521.1821581331413,497.41099164294627,467.37429710131437,482.16985606487117,460.2041204482228,439.04086729254317,415.91962956293764,402.32528813573225,433.2100885247198,432.27360597942237,415.53506173082604,392.46241491013814,358.7855142895188,349.33499958430315,322.0393027801289,288.9301424769703,261.1387218924786,248.43522803994705,267.6312101276566,237.3202477094534,255.50838780489107,263.9463648209783,290.6856792036535,268.5647697966976,289.16350919422575,314.70407438759105,348.0579636032126,369.6564186645537,343.32019272189655,374.6192234333367,396.66866712960154,376.5314300414289,353.09524807966955,383.64423860769625,359.54314243510777,378.9403794137438,372.3085272121649,387.974895796658,359.40449240832345,375.1585725500163,375.9923689623519,404.01885593607125,382.2067451431482,354.8616706013983,333.59709149533893,304.0973672027955,337.70790506311755
266.6855178462861,245.74508403791464,269.184428762606,251.45723646173104,234.7730010729106,253.46287542155994,247.30061429405166,272.05086451163396,281.7297187080157,266.9047489039291,273.75937819730785,299.41169170566036,289.9254989443327,306.478449451029,300.58675807742975,303.6018959219247,319.9608978678013,289.19781385949034,286.04428042340874,257.7092265428921,273.45961465593865,281.0060532188984,268.8911294461479,239.23083538364637,270.207040916119,257.25730135445536,241.53367577222718,225.71018227723792,243.50415438067003,235.5418307658724,262.5993378416416,275.3930126955187,240.66705610217716,251.4894403431901,235.41455791388813,220.7747265626112,242.15769089773613,231.71243166112913,262.0241762923448,267.1608281590784,246.80378583948092,280.5137825919896,283.7646922547677,260.3477443036139,261.5546962154491,293.70913029106606,288.4038464500214,283.178032282653,280.45690283838894,265.06415141920314,241.38900433225874,252.6451567733068,280.48831249368055,296.98939442677994,268.72251296140854,261.7819412852885,227.15265287867365,232.98050419362275,252.1170264090331,239.47966206987292
539.4121612561632,537.8290562040131,549.6708276028091,576.541393232513,581.4575325626361,594.5025916362844,592.2271443397626,581.4821014580983,562.3893923481285,548.2593606737234,574.5325369638084,542.7907796337549,573.6913590005327,558.7429508758723,575.4639250628107,560.1126011473359,591.8436983936572,558.4177826398997,548.1501040047218,573.8723772966289,555.6248020203855,539.9181653819147,567.8307925067179,588.6203442103051,558.5259758406163,564.1385695314706,544.7762327152653,524.8359117388054,532.9141908220548,506.5848223136057,504.469352383814,487.3768737822156,512.1514468626307,515.9660431283999,496.02366131671295,525.8762570072394,548.479014135712,532.049470261326,564.3230338076138,548.064758007557,533.5497765508453,525.5672113521798,502.10357678399953,515.1947064938932,519.2083193018389,546.8206930104735,528.6819588057308,505.59812086767477,495.70175835524185,470.92936620080803,502.15993817247073,517.3812069533293,538.1146227787707,555.4776764148169,537.475018648905,512.3209833103216,507.381334120983,530.4126726451966,518.5487456472504,484.2181516032324
470.82306680615875,449.82748176588024,452.825943133295,418.86754663508833,419.48703652859876,412.0396305323034,438.6684696210924,454.1954355821745,421.7174064253772,441.98397419009507,462.36989599639134,473.80856437970937,503.8593358929657,525.0870828295951,505.40998935173195,497.11820130343455,486.6128268739806,486.95637402473886,518.7163274385733,526.8082132299202,513.7139473893292,544.6201890763099,558.6391921743887,542.2648288181289,570.7207226342849,557.8464789650054,558.9812682559193,557.5268674542018,587.1810285851449,564.8847771743149,553.2162494549567,564.4274622885684,591.4905614925266,561.48910377097,541.1809500943518,572.5433638682479,586.0907262843,568.0167472670935,556.9722900027757,554.8396609494192,567.0056259321078,570.1532646692363,585.4821098138284,553.1643350609347,575.4971870369966,543.9514057625731,570.619580514097,538.4043192063949,512.3525894029111,489.96549543010445,470.57905017987986,463.7023952611976,474.58613574260704,502.0683724761515,503.78356918570483,506.05785104500944,493.4092079014873,514.4568376028967,487.1908735711705,473.2680962172436
256.8529372208744,236.8455945387094,250.4125174797749,228.23938608056065,224.35065169597422,252.500128672899,227.98520636824603,246.13729872887723,241.52101284450632,270.6635776033084,285.1920801798837,254.35219638579792,282.1026802572614,276.0756028747839,261.9515243036708,274.0462658130714,289.30444029936234,275.5319946803226,265.1479529001158,241.09108856558413,253.28689555238736,285.34434857799033,279.50806094202784,314.24249365363823,291.591515968347,312.3184781012719,342.2860558542699,355.44986054069744,328.10270079245805,315.96059556114994,286.95720248356037,294.0795709476664,328.9499875887916,320.18281051525975,296.58896349209806,280.39377711878984,285.34991496350307,290.17724004190194,271.26469834744336,288.8140301850911,259.97489058962634,268.5877103831079,263.38663680963464,237.2888881986619,253.1712733772655,265.882635884176,261.6840565783594,282.5435539409384,283.1957148496724,268.19852649657037,299.9506159522414,331.0336985947323,302.7271962250164,333.95288600340325,353.23665265508544,325.70174403409186,327.05451306374687,294.5011047691788,300.7210997084402,331.0442346392133
359.91970024447403,360.5234624280551,341.4526852412424,344.3189220362649,365.49914884830036,345.56722802390647,349.3113013614227,339.1363307596767,356.48737622483975,370.63008256184395,384.5453584898299,375.9915778505375,382.94112905847095,393.517091916524,406.17406998240506,411.44201476503514,437.1183470426609,419.5342475915611,388.44072284685745,420.81596461802343,390.06732548169424,418.2742213871311,426.13416697392677,455.4459939459487,459.99276908533346,482.46337986982996,497.9536982962473,499.71154765249423,490.1441989492476,455.3443303974316,437.90769961728796,469.531376210464,453.81370556101336,471.4433765473674,472.03820956456093,458.63421649039685,493.0107579177635,461.2989643444991,467.0443617976808,464.3506369183606,434.7074855975049,414.69422000457973,428.2911581620321,400.87416224757243,421.9459199860523,430.7001895627002,402.7602212045527,387.83724521798,362.4396955822605,383.2717862713042,385.5789600301009,350.777055600262,353.78031090623267,352.57656880477924,362.5919170142546,330.0310008983443,297.5108063336576,286.9665736903326,300.1642404216367,311.8233069028454
325.7401600998968,305.86488821929953,318.6836800359739,285.5815715653401,289.5564047839519,284.2433097270408,265.9793869825055,267.40025323577805,247.60198919937426,255.32765505556722,230.75582359141126,238.56281331793804,247.33987051049053,221.97623798330164,242.58202602410972,263.20467475646075,295.12982415323347,274.34866882574215,253.95734453321268,241.02032417069114,269.90089013792954,263.3808915964306,249.50645851174747,267.8109473560065,235.4702597864415,247.69881096029914,248.22637714670924,259.5075208956331,275.68449803996197,263.433685028131,272.98288804975795,274.6858972570276,249.06364398434695,276.48659388159916,294.30790562975903,323.82369502579104,339.252016428271,321.3884756612464,316.52531142076566,308.6061012019065,276.1136364861574,269.85200719467946,259.0418689745243,224.31653400858588,253.3059504255269,229.8274793420876,242.45642293483692,265.0847808735769,272.39847671056356,249.25306248734913,259.72195808773483,277.75374069914636,302.5872568292389,289.8930200108661,257.26751804838744,264.8238924993909,245.6276882094644,267.3438630674193,279.935582723048,299.05866255036295
587.6618561221326,580.3332448171068,594.7691322859492,585.5930600427871,559.5724920429884,580.5240646086155,583.3139460423741,598.8597941585884,572.6574763472912,558.4253617255431,580.9297335877092,549.3301909079468,558.6541744309926,561.1374981222939,537.9550291810228,514.5135488292399,536.2273823170184,502.30854319765564,519.5874440193516,535.8741499096657,546.3517482554715,540.0179846711602,507.0004325178547,528.1247992983659,501.9243035648168,486.5794274559962,517.8542323313804,503.9845041875124,486.8442447151569,519.9801835916453,490.9954377383421,467.24376489255644,462.9259909342814,483.06310988318995,509.96823560921933,527.862736197013,561.1949884092128,527.3742183916999,535.7396772411006,508.883911373046,537.6093032153868,568.0808077305443,553.3592112941352,576.298808756945,578.2967358435814,548.994777934995,556.1885490879861,589.5125418430229,568.5269570055843,533.6027878673846,566.9782052716071,560.1381003143838,555.3033940634206,570.1862422599822,574.3587303239678,557.6715819197306,529.6700334256483,552.585409821952,551.4218121662002,563.4950127214706
546.9917860452753,513.2323525952409,538.3893219812293,556.014990164203,587.2925126632555,563.4365430475959,551.0061066514502,562.3096186343265,592.1151278406128,599.6856265029104,579.4024555459928,574.3823014127968,549.7207109860698,563.2989866927717,586.9149162952757,590.3180353348862,570.7709820403537,597.6404838055254,567.1365740729225,565.659071602598,569.1153514967227,569.4633783858403,584.1329796385197,580.1418831454457,549.3730586100231,526.9626743505953,529.2194057964525,542.8377378708918,543.8299551256323,533.7154999664648,502.2949192886753,522.3065822421331,522.1101790349993,524.8254181732958,522.6524879920499,506.2266670942522,490.5728096263356,460.0178647338349,474.5497958679702,458.58089698731675,444.4801913595162,479.025199829715,471.03207873740894,471.7808832801895,463.83400033347226,449.14737826057853,414.5569299378521,439.3989742821199,437.5197315629242,452.9120528225834,485.01802123665334,450.2162150334149,462.4689875125129,435.7738367948886,432.83139083266514,457.10613649506655,427.11084592397935,461.3837898654838,467.0422978337692,459.6918399579701
227.41390082745366,244.88945584039806,249.6387205900116,233.91781554170643,243.99162198091824,220.75445942865818,255.7357818006446,243.98379268223857,248.3253236226605,269.69633146379067,284.5908155153299,311.78994836447697,342.6827499451355,320.9251981127812,313.2531873485854,326.3303767859528,294.48207606608185,309.6682194986327,275.0100602987201,303.99625363744747,319.26811511935966,323.8530571919085,318.87612525299426,353.03785905124306,369.5936803864061,391.10418741237856,413.8811367288144,380.41238205896053,349.2402890133187,328.1258380137269,338.99106973982146,347.66751347378045,335.42896231003084,368.538875732243,340.05634068121174,359.42674927522205,358.0881476531891,352.406541651266,319.19609117490893,335.1420660883244,354.1523518420126,341.4793766172201,342.6667775589293,350.1177261853697,340.85289318582306,348.9436336169784,344.33252777615076,370.7974176608289,386.0933435291719,358.82834234922166,379.8005652053339,368.4259594029845,398.9157489452251,406.1517385296888,373.0821957745446,389.48758513161874,363.638990959592,390.0477147666015,421.43083629561966,435.0987460076736
422.4916551520587,429.6360657003673,424.65592768408254,395.5067224251039,425.525767343506,413.56882477631694,400.46816893534515,378.8609032436428,413.3294806620551,444.3089912716755,433.76925716143853,416.9696338275822,438.3455009053474,432.9282044190772,465.6733679252472,493.75853899790064,511.92013295611406,483.21483326411976,497.3637748230048,531.4715819032662,522.6020592121298,549.3118894255817,542.8818181798152,575.874498229472,579.5184160274739,549.8724156736448,548.4056173892684,516.8866301271087,509.54193078513623,538.6186157750119,519.8727693887073,551.412513854428,523.4071269788878,534.9439352740799,567.5419242046149,576.6698655633346,594.108887044974,599.6332261255883,587.3331577908775,589.62120516558,556.0726547118499,550.984381208183,536.1629559535269,558.8559293333278,571.2863902140192,575.4329382257074,595.9231521293958,564.3958258291578,596.1647148841779,565.077941016707,554.342122398064,563.4612789338668,552.3646132045901,565.1421526851957,584.311228190016,591.3071711471539,564.1432047765884,541.8885735098077,510.55055546483135,509.91018418830924
272.26277516147394,259.5645645585717,283.3949669084025,314.8010928986404,337.3464092129312,302.39179603430307,307.1534929280171,283.81970199770274,275.1219857821758,270.07631187233807,301.0821649191807,310.44387615152436,294.17972979013666,304.1753686344774,335.805952063252,304.9470907496981,327.06622749868177,307.2490563986715,282.96661304314847,310.88729735029,276.0167593401428,292.8927611662453,263.99874985850244,272.25842051134555,280.7212036086853,306.1155270730876,328.69798187915603,341.6594858951787,333.29781722464395,309.9462195179739,319.4440243449238,319.23191025447767,289.6878686141748,321.5772009469945,308.5865673408213,273.7364208902827,301.8547421589036,307.24830374985027,323.5625508983725,299.2491877190494,292.5715849008723,302.7258709878346,285.29340055925695,299.398326722148,280.7513713093193,260.39031920911043,226.20404472733722,231.61569814447572,231.50180781839828,255.5439617034822,260.42365513523663,237.87136899648058,250.03767715357327,234.6623274601443,241.13143356708946,269.85639181016404,285.2043271763186,295.7813283454042,280.4851697979539,254.20588634071441
506.1206140339751,510.87294095232033,519.4661528400169,552.7240851965574,542.1065496082617,563.1588766525525,567.2858555136086,548.2162814839662,516.9184647230277,525.039227162255,510.8723567086851,524.5558409623463,538.6067422840345,535.4889750313873,538.0367732101591,546.8950532469127,544.6973993129179,571.113341729353,540.9645479892613,574.5518191494149,541.5738658918395,521.1406108045865,535.7221606303917,506.6693787843045,490.0214715048237,465.7998390382451,481.44984850538003,486.97518589709017,456.48868872253456,453.69808520064703,433.2932901617702,466.03219202053833,438.586448332172,445.45031060765444,444.1796171169317,449.64553190681835,481.60003145624864,470.48976290340266,487.90340902817815,484.22606243046414,495.4793754612516,486.07540370257203,466.9739580702341,437.8271032266603,409.94969081912177,442.1098131325679,462.3017765098036,444.44892400777405,446.48923058639645,461.48552129090115,451.1631744310756,446.96233850226054,462.24907287235,443.17087490506935,445.0149799977354,424.7211520157717,389.9365840868585,403.25504557640875,417.7635857498957,452.4641746516801
288.7858688700238,305.5564916246256,336.9142113300103,347.0348349067877,379.4546741396937,414.06554310913856,435.1792512331463,470.1292648425577,478.936976994101,478.73087547705836,507.9654132829737,531.1323221833527,503.84016731741417,490.0307525933277,473.27591102342666,498.1442271798663,479.4714019813425,465.7545360545292,467.06974185523086,437.3981059251941,469.68418090984835,469.05857526736173,447.3889359494086,431.34638759707053,452.2122498931719,461.59270350566146,459.11652520129917,447.3286209184602,475.3765263290805,494.45604414953306,509.72388676402335,505.9439220872296,539.6251326404164,554.3300534154578,548.9837841645239,581.2224272257258,594.3923434124091,589.4405958786276,589.3844821430422,573.7084699200279,569.8047585743657,547.2927335873105,553.9704707746799,544.864629159815,534.1853119497397,565.5612860294043,542.0036357133606,565.1017865999089,549.7759368416514,516.7818308730532,484.6142464610711,479.65667094208214,476.4689343724753,463.8865133635797,475.7010857530853,474.6750802475778,444.8629948907588,434.2279785346881,406.36536990418136,375.7694684764983
299.15651749902804,313.19679978033776,326.9169149811387,352.21415387838795,370.16350435271636,372.6482024609966,359.53104862164486,324.9378532833874,335.23747697353303,320.5174001065723,303.0244072275266,336.262195081721,313.4590085501586,280.7294403396164,312.18676800306457,298.60723854701496,291.1466420904605,261.8120853665,255.09665037823248,288.152140732031,301.73352098069637,299.9012601190203,286.424275339885,277.04735248955797,284.83332298677186,267.6448273691435,243.2811541538075,260.5770106724107,286.4398950707302,314.54761866018714,338.44691589164785,340.5888936106422,360.80706144092807,390.6519626646451,357.2873439371445,351.1342191767179,330.42300274663154,365.1968177263482,395.2664384006704,416.4194549759894,402.131041334821,433.77819985298015,400.82573065733027,378.98851011356055,387.1696729097254,407.680142753807,434.5343024718969,420.56990522098505,412.9262272958549,409.76414543261717,376.6523127299912,402.1301604436384,390.7865495206711,369.7360412835467,363.37983570054337,378.1192719434751,404.08336250104185,384.15971513613545,361.24262282861315,392.3074305760372
429.3393472821557,419.94338861159036,398.895750466079,433.5630980199697,448.90599811637827,429.1579696887798,400.5461308266805,379.4958949044577,361.83787717798816,334.61387262630035,315.6894685762619,288.8640479215671,280.30526698362644,279.3389351255154,276.2088832061796,299.25358799061416,282.03326503404395,309.12983270622817,337.6984300032443,369.8844098434994,347.5532362154413,329.75581645191727,338.42407586693577,313.286490191292,284.27998331484173,254.43878815704306,262.0902960730587,283.4177660137578,266.539762399901,296.8871344987062,317.3226200516398,287.74484842719477,281.2560674239318,251.01710804632995,280.4184715984231,297.4146217115083,310.4727808363385,323.26191009933234,308.2246852320344,338.572426096084,368.1667921715116,384.9310088277077,382.75612332273323,351.0542244780833,318.0360189876758,292.70542229234655,299.4089508508606,320.27590739518917,351.6685106143425,328.94385616367276,313.2308078194038,282.0178279132129,316.25112959487444,335.91518513964957,334.56517418295147,339.85474905412264,344.20695784743907,327.0122105674596,304.98955916799895,290.7778593315482
313.91834892253695,317.94531521304225,304.51951162183224,320.5456470349296,325.3014283349221,327.5598919139054,359.1504556101527,346.71912308677514,356.18801351357007,321.1915574054901,337.7762127148989,337.95428774607217,317.54123475598436,282.6469737059876,297.1330511862503,308.5221004347905,320.1005985883602,315.72243620679245,325.47324901068885,330.46668431811304,312.18933744090185,313.50310034369187,314.52459596701453,337.1781981433507,332.52242973030224,328.04841023394164,361.95672322317876,389.5691943233041,371.529213626366,400.24973025317274,374.90739619739503,399.64477030919505,377.47740668029627,372.26964110318175,406.1441552919655,377.9375808506216,401.722728248382,401.35410471531816,374.1235003195759,405.79789685692606,409.2440926266719,435.8889641613754,461.72645010044795,427.7508709062968,411.28972015590534,399.87423072882603,402.3147139167314,372.3453346056071,364.57301748868537,386.5976861423021,363.7210641928108,377.81041741315755,375.0334760702667,344.98283439302065,322.3990189870475,297.27117020841735,305.6514194507301,276.7641273725276,299.3774020269521,320.8435411925349
250.42355890589732,278.1090216857536,310.2502794830875,278.29304635577466,309.8161161253529,294.3784679826309,305.91180383885427,283.1489060754419,305.37081554776415,329.3047494569938,362.78864782074845,397.2659901727067,367.5760297170287,378.63348180649393,362.7467142071544,336.5371592013346,311.95283851139146,342.50344523637983,355.358891920554,323.8911584883869,357.7872639586134,379.3341205038634,365.97667189941416,363.9373404518132,379.79765899595617,392.1199050047174,389.5355679217139,390.4028609706486,358.4273985997989,358.4717257138853,347.28900813456784,332.2425921678148,316.1161619015878,326.5424447165392,321.5904781670315,316.39664675698623,292.53973615158975,324.87018592864297,305.54502010018155,298.97266456223645,277.2869980548182,291.50699772205854,287.03600997431835,280.99150570558544,307.24814768282016,325.41173716836187,326.8029908706045,324.6043191534841,356.79741699927797,388.74976852766457,403.0837292813567,421.294084135407,449.2305877061741,481.7322006171257,452.4914342560834,487.3051525290241,501.516707576882,508.00884737029594,501.9305461431788,490.47783870120145
525.5998792391114,536.4103331973743,515.4596950148789,523.1534676142593,498.03509473476186,497.8163325901909,503.6583672386163,513.1562521906985,488.324605471339,460.0165024768929,443.12607409516795,450.61816234599087,480.8359593239555,500.37460648698016,517.5743432490501,505.69060736809024,478.51012395235136,505.94588238076904,506.00562773193303,478.0413869662307,480.4891980744332,492.7679150610012,480.1609171331649,445.8083423510194,454.32082970136275,422.1275159914267,417.4230463524098,440.1573123212891,475.0766465852627,465.9978505641544,432.4067354191682,431.9099525548823,416.2492303751218,443.74348132636527,458.5487018493038,451.8513306657205,470.19330682999237,459.0777176545976,460.6011686125629,490.19613819850485,469.2071468350969,456.12120696856636,483.1127458454535,480.4442310671823,467.6964490743328,435.30735598720867,429.63406861829174,429.67614641410836,423.1194471265845,407.5415934905236,398.38070563929426,408.35184153805466,435.7414219354648,446.21872951588995,456.45010003405355,478.631340372715,455.1913348140436,441.2681688761133,409.80953768435427,399.28418346548114
599.5530372612722,576.2261614691969,591.7583207107684,560.4674931067117,557.6473585402316,547.2497591169462,526.3605595431453,517.4359975371258,528.0254653361021,527.3470305783386,551.4504127629309,579.7966752423146,571.398761699762,598.8377709517017,566.442202298945,550.3874107321825,544.5571996607828,550.3463053858657,553.5613872777903,558.3197607425355,586.0573113251397,564.6420981018882,586.8218602930922,578.7052889463865,571.3173089570668,555.3847616352798,541.66957782848,533.863168829622,552.3089029966004,550.6802051280594,526.4485630959969,544.6389855099928,556.0755846641036,587.5222984521854,577.6576631640825,580.1837580897807,571.4588422763507,579.7164048656797,568.8265240188074,542.9489664032842,577.0167929442234,583.7857906789014,579.9560810904494,571.4553658250361,581.6628615105744,553.4246730894847,541.2526109594033,514.9815655128053,488.80332223967963,455.2976503810837,473.2101894409922,454.12179316475476,477.3623334996329,505.6727494910941,482.4723736667266,497.0928566302424,494.31425762454666,523.6415386429702,522.5507422090859,514.0719142600803
331.9347452314608,360.1882460474318,341.02079728602877,363.9608326986928,342.55395402914843,352.59173382689283,349.1663286075866,321.48893585875413,295.3042461609478,280.0098866550447,298.6755046018296,314.7013047604252,294.0597223589409,292.3938759786239,264.18296336601355,279.29920339883773,299.8303458500558,327.37618585264767,354.37840349995986,343.03086500018026,325.84823334098184,353.6094895732276,328.82997781059333,297.9840628290772,284.98107129081137,303.20207436483776,316.7960598157202,350.8899293476001,341.0572793251556,325.36659136513714,316.841124012282,336.5990623124138,316.6000588908935,347.9424177881452,348.82087106522386,368.64102076943675,391.5493484833109,390.0664066969534,406.96240332513446,397.4910060006167,419.255966999741,441.92917760296115,446.56358496365044,426.8339320747631,459.74955433738864,491.038145249656,499.4255833702096,533.2972534248811,533.4929941722673,524.7769004170896,522.012111520966,490.2256027939517,493.664132167347,505.3004030067708,477.96680116791623,460.8586311866481,476.3415188762051,496.89283136132565,530.9035248154369,513.6291828277895
539.7469992325407,516.7942067905324,490.95569446843734,506.99994515073075,503.21101115161156,523.7856560359016,508.5651917093094,488.4887631062883,491.9046751739018,464.97640840086694,449.4888533802717,426.1254441823519,413.5287547464228,432.1136641560312,405.5656277605804,413.39645210257635,419.3300770364022,421.9992210781122,420.89655332126154,432.36679561444015,456.9935414963431,433.33610618076193,455.32529874677346,424.6285938508571,423.3773053398465,424.17989180220667,403.01090001519805,374.2880173901557,344.5317856724938,312.138164625524,317.28967631385274,293.1728990526751,314.782231512771,342.7089219851084,328.17749319911655,304.69014329762615,298.36297459103196,325.0728886809511,318.06023151483737,290.64377223579095,324.57053872916634,324.54782171451535,313.51382469787916,341.0672799869735,370.985524558062,370.76183721366795,357.23198477920647,356.0163521485574,336.3660887304705,334.84275558619566,315.902932983523,324.45712625901876,342.64936893389637,375.5093141131852,399.48924696449205,370.5186861009508,350.3252876968669,352.54371774837625,335.5750873416062,301.58065183743724
506.82056096618777,496.8646014973177,466.49160376670807,467.1101529232926,500.51476284367993,513.0124666932732,489.1260946202607,490.1267856353395,518.2473574778835,487.0444141645297,496.6969382180753,512.1860475027381,526.4668664547537,501.9787957530496,530.4882929731178,518.0472862630329,486.66922790040326,457.4946933141817,454.5251100401606,422.3238501856939,441.89252642947235,467.5001718473946,433.4362940988859,455.137239331793,488.8216921687509,455.94746344615334,471.6951705695265,506.6317560853611,527.4300571259379,527.8050473383976,554.7426553835163,569.2979251266938,553.5126053620647,534.2149901074736,535.093097596797,526.2024342783096,514.2651936348698,491.7199308057517,515.8899510277705,530.2409660729119,518.4334689490239,500.070164659987,474.0398185705915,446.91572539765616,455.6991983628524,428.3164008275372,460.53128450592493,445.0707416187696,411.8770818594978,436.7501625285208,427.4812802380418,416.488892046289,389.79233487343583,401.0218789487594,391.1374149600198,413.7470320296904,422.89031328379946,449.4841779653771,458.06345902454245,477.6129351049249
484.68492826379554,482.06639798864217,495.2735774258808,506.72676865496487,472.19602204979356,486.10067776074317,469.45184288834236,472.37944042834454,445.1727076171044,411.7842827271682,377.8426623414581,353.9162782075636,320.3087536702742,294.5765731298455,298.7187255049737,291.73782371508344,325.3901922964292,346.9987975116333,322.27310032583745,316.4483578681113,311.6163136275438,301.9644881541338,301.65577280142134,313.5469909826039,323.4092710787796,313.40621256812835,327.75940618852496,313.02338409496525,336.50613319081185,369.0121762192937,354.64374203071634,374.57194072464654,396.5117469946874,395.86518321212895,367.007495027842,387.0402273347919,380.5637040110683,360.12869329619093,368.9942095754455,364.579876973099,335.70994838071175,369.56717241538126,351.69350333247144,352.46105721604664,364.1712355372183,337.2274910451267,353.98619761537987,364.36641570411865,363.9291185155948,365.9122179324024,397.7478698532253,426.5107184620528,399.3495511330429,390.1621948477259,391.3361950715992,420.7345042847239,442.89393734650713,434.9477265561161,461.9824549418613,453.45350063610994
323.05331560563764,330.7457994646696,320.6589223017058,329.2274514962868,322.9053367494525,343.6091765233342,375.4109446595081,359.33258718050814,360.0332930776078,375.74356354878904,351.8399002132895,372.5533305787053,378.3613678938852,353.8432045677309,379.619275644017,374.48836381082367,351.8517180255491,330.5294635292546,350.51491151289736,381.0150427538458,372.4925373116363,343.01050258314257,315.0681181449126,325.8816137884822,316.8342335297595,311.663438343965,300.25675481435576,297.8444544336262,307.89291613523073,310.77265760856574,287.26955729916915,286.65976293523545,283.90267707267935,287.1042844364342,259.8511866092611,235.59808522225256,246.82934011250916,237.02996692470472,252.7284979582425,245.2458912607176,233.29836160531377,251.70279284247667,246.2747416872274,229.65766341716912,256.11951916503676,251.34262900087978,280.7081720579284,259.24623705400654,285.59075347645967,307.7044514253945,279.97855911157063,282.19625120709287,292.95405141734415,292.637805048252,284.9562209412675,316.02516985672673,330.0826300386821,362.6935214681965,386.9296432279199,409.1288411030508
495.7402703140037,505.9658172641724,533.0461636420378,540.9848477284522,511.25503579321565,517.0344821227468,489.232942733821,520.6840176423909,530.950845969481,534.8460858084159,513.693565099732,514.7972585909666,503.7744288590206,516.0514606196255,523.3601464417804,523.3116427422746,506.0035128433791,507.8055319714576,505.1243139736233,529.7129253959861,557.316539291381,575.4639800789696,559.4940709033974,527.1603366326682,556.9338537797397,591.3747113958466,561.9160288108856,574.9091504757097,565.4565669655958,540.785185793765,575.6522775613547,596.0372845876869,599.322394595903,569.4562683784486,566.6988374442781,592.8812541865063,586.3180811481072,572.4753308688344,569.7814673218088,537.2990073394352,545.1052097164356,570.2852958854539,535.4660846004796,511.6636120358203,512.9229205761928,517.1904233976535,506.2250875593033,473.1805011589212,490.2325078474099,472.23726612456994,482.35767725762605,486.49794913306135,481.65661490525616,487.97688013474175,501.6295922126881,506.68669446890544,510.7134747160932,506.23891699608924,501.34133356913736,500.7089525211963
391.7896066192951,387.5213275207861,367.24723250551506,382.9858869794049,357.29255980307016,385.9022893898528,394.6415241439039,363.06457168253314,374.19448066491094,364.50047897031817,394.58401807696333,425.1093021312429,449.32428886094215,454.0737119991188,483.4161503904836,493.9027236255837,520.1617575085614,496.3654814575414,524.6581033977257,535.9694520173084,522.1986266370191,557.0455735396821,570.1274512544952,594.0587162596443,559.287394658802,562.951083327245,577.8283669773342,543.6137273609022,561.9928731195017,572.594246641237,554.7408298162819,567.9669760606243,541.7416685413956,564.4242724552121,590.0600306633073,576.8773490236947,571.3712330420146,561.9534562740215,551.1268352382875,577.2297147580289,559.8423250859006,553.041825915708,539.0359666668239,550.0058599223148,572.0011431001255,547.354112345302,530.1860884579683,502.47362805498034,478.6865050468628,472.16821875876286,491.4795590384026,494.39281448622665,463.1221539383281,471.8782264162066,492.549518238389,485.0922643487484,467.24314644480006,485.7187874185962,452.392224145861,474.48359585496235
525.618640986796,552.7776561353905,524.0412519790443,496.5843457123681,522.6770433872681,520.945437088622,513.4091326073826,518.5396821665082,487.64049707745903,497.7006289701847,528.8564497214425,541.156842313136,538.6743001747789,570.9359693775831,580.045106001928,548.1753607084587,560.0786179353779,529.2573283280839,515.7634201233816,523.8612637515719,503.9543848846523,471.62762780625326,479.88438602084534,464.8943958226561,467.2018915264,450.4820820497235,463.53210133474033,491.2311987159196,462.29073491161455,482.33304289344767,458.2596967518721,446.31838185442393,436.3339525621709,415.7756517934492,386.04205565386184,404.83610927225874,425.390037021388,460.16836734784965,490.59066477752253,486.0156344144601,460.35279543238426,426.101795993751,428.30802368855154,453.5476724468509,437.30093421748734,416.2268299766522,411.9535660006098,439.5008620672662,436.11803029119733,451.70793371103736,449.08476842326587,440.19189012427194,436.0557339390019,454.8437712261385,472.65219513759916,467.8752676406772,451.6084874206838,426.34738015654597,391.4432587628122,364.3712895779425
282.56900077292124,295.86464614159746,318.11875752661035,334.704954162795,350.33124786695987,384.9336908976482,417.3155326501176,401.13483630916414,376.2918887775491,352.02276543304725,379.71523238283703,351.87951173974193,340.68960356144134,342.8138605509164,350.75539580873954,357.45668045578077,377.5052210055755,382.52374945356917,407.0970072067691,378.021122891822,403.1487046410321,409.44892589542235,390.0542055049469,423.49622871379756,454.27762787481566,478.4784353919755,507.2901648849185,499.04008535809,479.9864264295612,457.78969674570743,483.95289454147166,506.81708896454774,540.4827757979934,564.8604228997802,574.1260368746346,547.7872909306018,524.3266186153979,522.4855854911442,541.2312726712498,518.3605499836925,547.4467755387122,560.3121266727921,547.1737630040415,574.1769344552799,575.5874685762092,584.1462699281458,568.7474438433659,559.8211730496957,525.7044029833987,528.3575445762493,546.61332098462,579.4310369356823,594.0111570697154,562.5768212495075,596.2132296744841,567.0111028268599,534.8064186325851,552.2315071153608,580.6435586384014,597.2703774760083
533.4909209511605,512.8343560509571,488.6145600655659,457.7423534955676,463.48018908815624,462.5856714195691,435.2355240101151,432.7734223171245,437.48607365453864,453.0928987002735,447.08672860261294,434.37139989810373,445.9689437688928,458.864598782081,442.7945977489683,409.1822135055671,440.3805533875435,458.25060183968554,437.32790525212033,441.9245008216909,448.5708279690158,422.39003220871336,400.80602832248246,432.77548447494763,433.3362446764105,411.73720003395385,432.56743282053446,430.5075639978776,440.19640982696615,426.0215171816667,395.0748040596063,371.62089970908943,404.73348292930837,413.3846734372834,436.5606373374918,403.06700639215916,421.6493814729649,420.5960261308953,432.16757751187913,422.24193033573334,430.70274821305566,398.1961319581987,366.38734183576844,387.30589052912876,361.01845927515956,326.9973346961891,355.86928897075484,339.45651236280247,345.22326379355314,368.94745173124846,386.1609472910285,354.4248947477938,358.69130380791285,361.6171545045936,351.12276697932595,368.87217567511055,401.3525717333969,376.6556375089109,351.82131777101625,368.2528391332771
392.6782358631857,413.34356100376584,388.21899367906076,356.0090217690155,369.86440700863034,404.49418071541805,376.1300554361171,401.63370769765004,393.6039895517891,359.77925772230657,360.4807832302913,345.0005777290287,358.5387976354413,343.68694120589777,342.405949846211,321.44551744030423,344.41264050335343,374.192842834121,367.42634562927344,363.8479479090322,397.63580503383946,372.5838884045659,394.1872544258686,398.89675683538553,425.54816629867867,411.01816443656253,396.74922207198654,384.556618435865,350.7207941984719,327.61329713393593,362.2343620123237,344.660762177199,311.05495902044373,295.5527810031384,289.1400927620595,292.48520231182636,262.2848237024062,282.6148480817398,305.39993685553384,285.32117737655295,306.21045055300146,296.51033407388945,291.1280465256739,321.67522432765503,349.10853169485625,340.3662816181905,339.5340030187727,324.59066818108215,325.6710662654885,338.4046194639345,309.8913582732287,339.280237105527,354.6014148756546,326.37410269696466,352.2033321354836,369.26113277248186,356.18000995077426,357.68032613162575,382.88947227490235,415.65826589122184
326.8094104601003,337.34848322301303,362.5657679025063,396.7374473215125,366.68774152675434,366.9412791342123,393.09788246297603,358.318951163943,353.925416536324,359.8193272246983,361.6736488236613,377.9677368670587,347.5542829538374,367.53345360484644,352.35539113419026,375.0514481908672,369.4156030654153,337.41990449162506,369.8939380886218,389.53238842341506,378.8795106831795,362.7814264584649,369.0088874499687,403.11950964764253,388.4311873402249,419.81016551245557,407.9372638857568,422.2241074538028,413.9455124992456,384.899168179851,415.43242377278125,391.90738340294297,423.03578616277485,395.2672639777947,378.9535851247496,408.4182300333685,419.5160904368986,397.7799309458173,404.226462747687,381.85384731017575,408.0647920470997,376.55279456079626,378.63723340522114,348.0803452132835,361.73193778801726,392.237744251574,415.41239572858973,406.4333434892742,388.01668687285735,361.48861133993915,387.64229045671647,358.31992949003535,367.33797290047903,358.0466957652485,392.751178051216,393.3688099975002,396.78417647673893,426.03639142777854,458.91097465533613,464.7655269319539
522.549188402093,531.9828608396842,526.9008933192375,495.9129683284663,511.1550394763912,525.1734335416367,498.3425950098474,479.447416256793,495.6963893380224,471.1762277696402,484.5416801799318,499.80008356427317,489.53415348006797,472.60688296462786,463.71964174188076,453.8634052393833,461.3547916387041,478.42417261902455,503.74685705855006,470.84631693869807,486.7049259545539,473.69794723479515,497.4028879845282,467.703075166399,471.28529087851365,474.6924421612946,462.5482445135606,495.4697063282961,467.95432691010427,442.50213325754885,452.6003051307281,453.6012508557838,437.11394985442706,423.412975606448,399.40460721606536,425.1480969398965,430.0144180596748,412.15283839044304,404.69229143009704,433.16024523143886,460.23912654715326,430.0765949250778,440.86360460465704,416.5715865725377,396.3334221609157,421.8279536181648,449.49127584148187,420.27970995405826,446.4543430175668,462.4488917165925,481.74861714526145,502.17569008046826,502.6820191021279,533.965554111302,512.9907263899437,513.3382839161717,500.63696450836,523.2071515045355,493.99620135354996,489.35369543824874
513.9215093732253,500.78537318226705,482.61871308119845,465.99715391684117,480.94846143529935,466.0232487440175,459.2110969264261,462.4078630471685,493.26106857343694,513.865397765522,491.83511426120316,518.6510105386137,542.7847308615779,559.9504472304187,561.1338654644549,531.0209123324667,545.8262792297082,547.1102311593061,533.794475966563,499.4901359678422,480.66356462218664,488.0618770527441,460.923338095981,471.8026475588009,494.17969377634176,481.4521776278794,452.1911653897269,426.9700807195622,417.02370599700555,438.9641036900955,448.36361406998833,474.1157494367213,508.7256473209,487.90528152384115,501.5427820604167,499.19895106482227,498.74241533109966,486.533113580356,475.5089686303147,487.84870501815846,496.3049092218796,483.6001591657999,456.90082348313587,462.37771359471003,479.135457742252,483.2389830572677,448.4945301992326,433.2566160723988,452.75716984684965,469.73554421622134,435.46426189412585,433.38499818733834,428.9972702728621,439.65696661322806,413.4055694177779,421.90463571953677,453.18889713081035,444.21136455387784,432.8263137900609,399.80545979609235
241.81012240306399,272.9227447373991,306.2078739951074,271.60279302566846,299.65037106969,276.82757321734744,281.1226835232975,293.59254817030995,283.7266579095505,285.7558243335007,294.6837775043721,273.25861846130766,307.85658197230543,287.12831046328944,252.85200299135275,284.07160096817967,279.1105400286697,272.0139203535232,256.31091264616583,223.11914752154757,230.0851139929673,237.73199077806038,247.43799715279508,248.57438851296948,275.88418938554287,304.6772797206533,291.87812424775336,324.0469458190355,349.5923378674603,379.52677502489274,393.96993679203854,372.84896582482645,351.5149113108707,380.1205207267467,380.6137029221577,407.94641442291936,423.3847659661715,403.26062726962624,395.193814674033,427.94157972560856,394.31237302665386,409.33324344314593,442.84782223841034,415.1381084530643,399.1776082993458,402.46852674702916,426.5320716892981,426.98790257793905,396.15962586755904,370.0625285007398,361.3785643190193,348.9564114822577,329.3339156648025,353.1429271978078,320.0246450602193,343.07874240461473,372.59635455981817,381.70412627839266,390.47865417953614,365.9098940885199
435.96074052011613,427.2229480957805,408.2564314021942,414.0895003120814,379.1728330064456,363.5217284143967,374.4446701145873,371.29751285010127,346.4923506854127,311.58461850790974,295.51537049280734,298.94952190966626,301.36771146762004,275.5427444236544,283.5015444348225,318.4262509105778,324.366934348855,326.3016066485028,334.88592530000693,361.4628876182582,392.6828417469527,360.5551878496388,339.90475405369955,313.008238534117,332.0730035333018,300.262403659938,328.44684994931714,294.8857254925363,302.064002398975,286.3543359775937,284.2937827234679,280.2257967038097,297.6483256544885,297.4132727286827,291.8987308375413,308.0181280184461,337.824612369786,358.3991804764357,374.96937268161446,374.1099183611101,402.12502424080327,401.16696626032143,431.286971232409,452.4915296019217,428.00974609463077,396.29919818554544,413.15909626617,426.1678375781937,433.314059148932,466.65080875014627,469.82902209418353,459.18201279127896,463.7296223488595,430.7184450242414,436.2669414441624,464.437055797034,429.74016059330387,453.911427445772,475.0464500327099,447.4736691184359
541.7955873862527,560.2437559875914,559.6170080167806,541.7819837047647,526.9490128141143,534.8082575971537,517.0495375534384,504.8244348506162,534.9831250311377,551.0361281865753,567.5613116667639,597.0284101046167,562.2484182484267,544.3624272845123,555.4206046917399,551.0996120673398,523.9959584366057,543.682316461622,511.9773938472169,515.0469717004811,519.4194749084572,528.936767281203,516.0306084717298,482.68267435795667,509.91150438360444,539.9558400215964,538.695050904881,505.139875648588,510.80085686422944,497.9159464806339,475.6899368589927,452.5166228056771,430.06450362899886,418.2233736695507,402.8667887680379,426.41652703976115,426.0885565570628,421.0238810296162,396.232230027629,422.54458554611045,391.3821399516757,373.1493350728893,381.6523943743615,395.81426433508733,416.89522457242765,410.61561567533516,399.8874217402344,385.08603499763933,389.85266197308016,379.2571550332555,367.22375188057083,333.4061116210486,364.78823074896115,334.029827851399,317.99083413316475,347.4902080470135,363.9645817153777,369.4343680084985,380.6913419321746,352.4855456290703
527.2859905889844,509.79346391376663,541.7284423652875,522.9246646308688,531.7001737670967,534.8728882079486,509.8901047857554,500.29500653293223,519.9854993646575,499.86666454459504,532.2666765835318,517.9505312888642,526.8210474524702,535.1417402237607,533.0962171753223,543.9714496669254,561.0218357347994,569.3520437286616,571.1145460108835,574.869213377853,564.039139059052,534.0002607582605,510.17914730105525,517.648430313834,547.550602783055,514.3524411830377,517.4349049773914,500.0792052880347,504.4009986719506,521.8770137133098,538.3587329651813,554.1007388124507,573.6253814282113,543.0818346360832,543.7522830103399,527.0767769863902,556.5657162565591,576.3672617979221,547.672910678069,529.7001397101816,526.5655575950517,558.9691611215014,531.646284009975,536.4043498079241,525.2944757301432,535.5382996514222,545.9477705430115,527.7891746108928,547.7958326323175,519.184205625754,541.4539266018672,521.2916067024319,527.5621575968476,516.8738384800415,524.5584263435742,508.2776757227806,513.1051327593163,478.67901097426585,469.89082300747,492.7380795418232
395.942502872093,395.8907798013906,404.4011584553701,399.79583037374886,425.49120131441583,418.72392820378906,449.7025986008166,476.0882602335147,470.56440501964363,461.17046624154824,473.53442756456,491.40589997174436,469.4162103844655,451.2893746075193,426.52705077291375,444.77548224609603,459.78361279463195,438.0173797969183,440.5986148277223,459.0953699719603,490.3873763639964,467.88396215316857,454.1870467454468,443.570831600182,452.31924673950664,426.8685662541357,405.4086011017332,425.03917971917224,427.9829363290972,404.20997253608925,396.400264896665,370.8148585698863,361.20315865646523,354.21710932127974,327.06483813505747,296.2531779680804,322.9653102861076,350.1006765609229,315.2811978258084,325.165484575498,296.7230151032266,318.4329302904189,345.0022977411815,353.16535861709735,361.0862406213033,352.08994625506404,334.5527741104643,334.50173215119156,308.86193779455033,320.9176804348143,318.8237631113946,296.25586853355975,302.4378662288095,323.11081478981055,329.3267771065097,331.4030759224678,355.7432993916245,321.4961763416826,329.66851029010667,323.34696311372636
293.55513648991433,327.1255859959413,320.3925540362446,308.86095090720016,285.69154168904544,320.5351582762293,345.4587531983067,315.3568225055533,319.9595938344561,295.2776785957387,310.38237764664495,309.26821769487555,281.9954451888249,285.98816757732516,314.735463154522,303.6190909178427,272.1754839511812,303.33998173970633,278.26592490036785,276.51956496205423,279.6469639114341,261.2430863341221,238.66234857679183,226.07129804914263,222.87315425167196,239.24435511966726,265.67487403673874,239.54798803240084,258.21735837891737,252.10081230856935,222.3635750478775,240.02584162844568,233.86696694130336,249.57693175569878,242.558208231637,258.35980131103656,287.6550367162086,269.77315606191075,300.56198889104957,279.8636091085728,249.8122508642082,232.48938473637685,258.69989267139226,271.12882983991017,304.08722056821034,318.7751322979555,312.65932085051986,340.1294890398212,372.19848531441335,392.61432978162077,396.57910079007786,419.38270548146727,396.915834994867,424.940336599924,459.90946537398156,471.4692770258557,450.18150979645634,425.2920761501289,457.4510845421532,483.44578203793594
504.49796359461146,535.9363113476903,536.1745740484777,563.3168222586431,539.7142442378297,517.5109245053451,518.3749377015724,506.65061396068916,501.9269627217152,522.8007517627525,491.5392747287106,506.99834312832667,478.17439192006225,502.4994654396917,481.63245189718896,498.07817632154865,504.5097342506869,496.50328174578624,480.2308192751103,449.252971413759,438.9895858976695,418.0265988597518,392.54047413639057,409.23534271763,389.111392088554,369.7324554286858,358.56615705146885,355.9518782249927,356.91177032527173,368.43000914410067,374.6265524927556,373.34442407362053,365.9202390982434,349.52527393328984,364.2212568911026,351.44634931866494,375.91704686547763,381.9484187776367,391.3245182746093,391.93983443605066,421.938758961694,416.45044876493614,411.338240504253,438.8492552082811,446.1927396754931,442.6331497761829,425.98372779235405,408.1368389459883,429.2372409088548,413.7998663425152,379.2015046637508,345.5637494146335,379.05193222639303,383.24058778999915,382.47231202015683,411.72363685773996,401.34175478706044,421.99158396292677,437.5182708575365,435.91502462006514
514.3601210343026,546.9646081657871,526.0071244708821,492.23278348595363,514.7345919244545,507.9856870235915,511.09386156964206,491.6662240209193,515.5914373506207,531.0758747857105,562.8115387593464,561.0791697713242,594.4387206645822,580.1596689590011,579.2386621381053,581.8289100719767,572.870592188253,572.8357921813341,551.7174989588138,542.0829130281174,556.2224401845748,523.9516673858302,537.9805857835395,524.2448809015136,508.2733894477092,521.817581952392,501.8637433428449,534.1815838550968,568.5291162150119,563.9794551871619,557.0787386961224,527.6113606440337,547.0866685096263,523.4773482678629,553.7906985011886,588.1321902280533,558.8692685151489,571.6796802616384,566.1864421632228,568.4246137000706,545.3798673677738,561.0263303289178,537.6892207964762,564.6602192385378,561.4384422425591,570.8792091982872,594.9851839362124,589.5136974870884,579.1148679271616,566.6185614596677,563.2200259016091,552.1371400743469,583.3700078420153,561.4250563524433,555.0792961342314,574.5549708598068,561.577613878676,588.6403766293442,564.9091326782724,532.1032715979306
458.9254226557101,459.50316469716927,489.81723028952683,484.4364931022441,458.9278111593177,447.0099987665622,439.53482546379183,445.3540524315982,429.5690868078405,433.09101922000684,461.6542298096243,456.31535429552446,466.9252188711586,447.94811996996435,469.0410131231859,452.91795724839005,458.50415279377904,444.521475675067,414.2396401793963,401.6160320186685,381.4581782684629,408.94534205664695,392.576690081317,425.7863128051415,425.2505196258821,405.7250672856175,398.1191566072162,375.9593348320473,399.3171626012291,372.71501145268235,398.8619540573613,367.07614744900746,353.04870265606075,327.8407730730551,340.8093612875067,341.6718824570196,372.42565255637055,363.058305832016,330.91074237705055,349.2268768007099,354.7919222780101,377.71239364511905,372.5420936902716,389.21477498522313,366.1893744156859,401.15623325391476,378.3115214947524,401.39756543087304,381.26823725826387,401.04379617985563,426.33146537177873,452.6963288064625,450.9966200903848,446.0135282085486,469.37890731770017,474.94315292425716,483.4325311284541,464.9572296130576,461.1882206072401,452.0496427719152
472.822192453453,451.57602205479674,444.978656925357,469.389901055228,472.64109845142525,500.36417686416206,481.6410979411297,477.4343315030086,477.46346712666593,470.50318563809896,483.41773500242607,458.828121813969,460.18614912599907,434.9002136593197,443.94403787444855,467.06140720366125,433.46120047221075,430.44673599148615,429.9359874182068,445.35378216392644,415.58417740217897,409.00563209108566,428.9893182731646,431.2394375789258,448.72867074685405,439.2093553658701,468.61549309787995,439.029661173246,410.41116957944183,412.4051829230751,410.36285235557074,420.05557927811384,401.0895087098591,381.9114890782404,399.34915882211965,384.7727228714468,400.6831443326469,410.5326332882175,381.36553402125963,396.14460880278483,422.7106850251996,444.8759230395332,410.4962536518174,413.2762270815211,442.2098319056606,449.12062909960224,434.44345404531936,413.0615789853052,426.00790604015253,444.9956814700536,473.87661501427164,502.276775861589,491.0263874896891,498.297772695094,470.40411570522355,442.01649421668935,412.0192938927276,441.91939111888144,417.589660954806,416.35249484901
384.56749862187473,372.30147629574054,374.94262196034106,340.13798429349225,331.7484379758641,330.30252220873984,351.53382924311086,365.60126929422603,390.08459557548304,381.4254720440415,356.2888589898587,349.3628114651724,381.77698583992293,361.77991742393175,339.0127928321162,370.1164021632515,401.6110180999664,377.05759791006045,395.91929821864437,391.0012735116483,390.45637363199285,390.3645438840631,423.15055316234714,401.0768311598533,420.1912926275506,385.58848021272314,394.59118769633955,405.27864606527373,423.0380807268219,452.85544612325066,470.6239035191454,486.87398252791104,469.6391086703793,504.13788831238287,501.9265050770577,496.14801223660334,496.2794423659999,488.86339426875776,495.41802425457456,484.8917455395264,466.68788496564815,496.6475280913499,526.5955216893067,526.3327005839549,558.6830146600561,552.7832158491611,544.8997366418245,574.0831661418167,577.6384660609987,586.3776320591529,571.4462145027737,562.3127109838964,533.1439703253634,565.8160422483276,546.5871457794467,546.1858402338219,519.2085592630468,529.4953121978525,521.8565937151963,540.5929249016662
420.78388870542665,394.8474407683723,360.5992763700185,340.47068413103983,356.17493876847175,379.1709277005322,368.0643801967052,370.579135183005,352.3800655151039,379.0110923795012,411.57559259314394,429.28139425402975,400.5034646954579,396.10176533878223,430.4371630612806,411.4941011132091,423.42711802549263,454.1265617254286,473.2507989038657,480.87100980036524,481.34037092305465,511.357376286647,503.98871198418567,532.0775419761044,527.2512470066343,545.2093986697523,574.3093716184757,572.7282357569526,557.0250006160948,525.594070992202,547.2422684375363,555.7829628860754,539.1961582338602,565.6149739551714,594.4702051888831,595.4268643549229,584.2308137395139,598.8110672524566,595.4693494071896,564.5908310457614,598.2682493629155,583.4268681918674,595.8760011142771,590.6235985634399,584.3602773059506,565.9028761248335,532.7705730127889,517.1421106837347,530.1495332848864,555.567576765897,520.7318385639805,500.2900027290581,512.4047428072041,497.25920010963256,472.17839989338563,442.91392676903223,452.56545654675114,459.20564373873526,484.3085937892121,471.3472304963807
