0,1,2,3,4,5,6,7,8,9,10,11,12,13,14,15,16,17,18,19,20,21,22,23,24,25,26,27,28,29,30,31,32,33,34,35,36,37,38,39,40,41,42,43,44,45,46,47,48,49,50,51,52,53,54,55,56,57,58,59
514.103298451266,509.8247892339097,534.9266436277065,548.742405661862,520.3348200139975,553.6283846285704,571.9081637678951,586.502404184332,557.7156073603076,554.2426230129972,545.1984847092779,575.07203392868,578.6575609993804,590.0139570071435,574.9614072192328,553.604500300491,557.4254353915995,526.8926433188918,549.8268253583726,559.0433332969171,577.1094751028933,562.6331694875863,595.5820311952295,595.7870516943896,591.3097635270833,564.8135746999187,562.4840449608112,530.5503085659171,506.35057301064546,519.1639997376172,536.2973506511645,569.0230319215592,555.5200011745866,546.4521805970274,544.321087386334,522.5840825222341,496.6785878957171,494.97793273153246,475.86158716509436,487.74856679287007,483.3492011139332,506.6366748379818,520.6552319781392,507.5208968748821,530.7790829725461,552.1125879973223,544.2360745294345,529.4190418045516,542.1937270827999,516.9764009354516,495.96997510870915,461.48533399127956,481.57004041642926,493.1096003778715,507.471176881715,527.1222090532527,524.2463133409366,529.0581970576392,503.8439869265752,476.86109207409334
473.99312548037926,471.96985991039855,476.53638736408175,495.0863073832035,504.5165897832449,508.2671478293046,512.4116490814836,498.6881559458664,465.8454043656222,461.41562161188756,441.4365487092546,435.03355376997916,459.7717688987508,441.14753290932464,410.22872482755923,394.925597269099,380.47716031276684,391.8113163436495,395.80356700753896,415.6764416449879,427.17838946790505,420.62546976871,442.6068966953324,419.2950010888717,385.8848462082419,357.18819646253684,372.75335100428833,370.08475712188545,346.3737816542376,346.446915911473,322.1087631013948,335.8511893568363,332.08212864701846,323.75361447377225,309.8594607141236,318.9792422324458,309.3061249711831,280.4416193233102,253.70203247174626,286.08432458437767,314.68497293391016,328.6644723006626,312.275369602829,345.1177160171697,364.63027929477533,379.812592535905,376.26789768597024,360.32480701513134,332.07217436587626,360.2543421239452,357.158682412298,336.3241179479641,322.7410816385098,328.2864514644425,305.6605462701887,330.623546156655,348.7199132451197,364.0823201616853,359.32883294594257,368.2404517951136
441.95722818683953,452.44649029567694,423.3575927754692,417.46411092741187,385.37710309774434,384.9564604448607,373.04674530815566,348.16343852877895,320.40164626935757,326.5367663217974,303.4782741193794,333.23668240575523,338.9109621847829,328.1918485022215,334.55593290592066,301.15220387799945,333.25134880490066,332.01258939090366,351.8040552984237,322.5951552929944,321.6612384516656,321.0107280564821,351.6585799047309,356.6795435710562,354.8238016450429,338.51209806147546,326.7219278754541,328.1689960484618,323.89279826981505,290.4056438614382,313.24607855504325,340.9773325838269,315.79476881372966,319.57729886146313,292.1776007409442,304.234407253731,288.9207721224616,300.0803565508947,315.96997955097646,334.7753039852125,307.3171702021252,336.43799936175776,317.5529787243994,285.17185765673196,289.0115305141358,279.9760903845065,303.0613724037754,324.63897544827654,311.8386979458666,343.54165560074875,328.9059042705571,329.9599033167771,312.8774596565093,343.4005095599367,319.923056790678,288.06680014814106,283.5235943483537,317.9898838322623,345.4072924701063,362.80985383209276
558.5011465338395,586.0424113126899,576.4444655074618,559.9438599991347,578.9847302469038,581.0478643884203,566.2074968489296,537.7060954092225,554.9813682036543,538.3536043182548,568.9305248556194,549.8513242714846,523.4443795402887,546.622266589032,522.3521687527466,499.9009503237883,506.8577457302473,533.0770885888699,511.82751518889,498.5501722918966,517.968510968779,550.9963607930467,551.0482438272107,526.1210690057983,492.0966091453724,473.17253124529225,447.4000864903487,459.83619364324875,433.3644689672459,433.8075641806902,447.4059346756922,453.08409732115535,432.06839293735936,453.35710977011775,468.43560884322386,485.1644891173118,459.3385317263237,433.0012979818478,462.93067655230334,455.7611501200492,441.827558544715,441.0284417193223,452.4289366127731,484.322564606061,469.37380048780483,499.11039053964674,465.85055493668466,469.71441789956236,479.0926757172383,451.505493979791,426.3292657742649,420.66726812640616,453.3035019764289,460.026480702835,490.33810621484974,511.6433703077577,509.36008241662813,529.2935238642812,495.5420987426703,468.18217851627173
535.1828736554398,555.9600698382012,537.2449217758516,539.3987931177853,546.819900566786,572.5616273311068,575.2186567802989,564.8827393657396,556.0756224042424,550.8873684503881,561.5225402409862,587.2468844636489,573.921874715028,554.0594505915437,535.6258160013745,552.8468156184157,575.0066290580894,546.32261595483,515.9817359416925,522.5920924046441,497.82421949813295,520.5507128300768,507.274140004762,482.34517531274196,511.81310838686346,488.40032897833294,473.3307347419884,449.08367240543254,422.1679768620074,388.6483380055582,357.5260166470564,334.75091961256607,303.48765489646837,309.86772202423634,322.5177389002018,315.07187087844375,302.3312476650872,302.6480842566433,328.8984302130659,353.47764409062034,321.5208984315158,299.22578710327247,280.79792808058016,263.255058388835,268.2413440108291,262.3797138100526,230.82750220498417,237.12180275406928,247.29894788492285,226.33405258035955,254.45021968584672,223.6087630412881,255.70700057158038,227.64492048217167,255.97418673163796,284.15990680657114,317.72985444763265,338.8716660667842,358.4350939207772,368.4089232404655
516.018614739689,490.4372693286093,492.9620318449439,493.9576327582729,518.987682846852,516.3836384383981,508.3399031654228,518.1093321520206,501.76176437707977,476.54555314385675,474.99696232551895,469.1792181271609,450.45911396418205,441.184940672241,431.8324121600783,419.7571016689565,411.31958724984156,424.32162143175776,410.10297465174773,441.52302952182157,470.667390889494,469.3311208704995,457.31640522082773,459.79684050892797,484.19607472308167,494.8771885622888,516.1846165185842,518.475175843186,527.7794098919194,512.9503028846917,529.392824246412,508.5611457652123,522.1970147825073,547.4473495653199,521.6945481764279,529.7011300143623,501.35783239045776,517.1579263694576,488.07245168710404,518.5882392761479,493.20679437879403,525.3284115924297,546.3903039183865,552.9480442310313,572.7317315550996,587.2421557934222,597.4223688746587,571.9439150785295,574.1517908463558,544.9353642996405,553.066963301329,530.0573545878242,534.6038973908951,539.6740333732646,537.2929940819505,538.8772183678691,557.3518556683302,578.2989858241749,571.2045722771952,574.4558923389188
573.8697695622386,546.1891114184524,519.3863610314602,490.525991865214,501.57642181805096,495.8790028733775,515.0815020033065,527.067700934908,515.4223440178846,543.3080023331921,561.6852526281377,545.6226984918501,536.1161397358939,523.1269383501923,499.15975375394225,474.50458983189566,505.03351226819774,500.68679487211045,492.5191824665291,508.5971820739456,512.3066966416485,542.8364957203408,562.4576002939983,561.0134697827161,552.358632926374,586.4228410710765,586.2895941282871,597.6226720800802,567.0510847122071,589.8439256289564,583.6116813143129,554.8770313752915,561.055091373137,574.0818369305184,539.8312939556729,536.6335512845951,559.4115170683376,545.0866488424239,542.1850145683225,538.147003463075,524.2819208640493,553.5728535501381,573.2634360303442,545.0907845401082,579.8832105887383,593.3418931788844,570.1689812108407,589.4258390914222,559.2758199607441,594.2131510939408,586.364333844588,582.9835970605877,552.6879983575277,580.4803362802915,547.0613794430377,528.919343505918,503.9308747675825,523.3046306160378,502.17892652094065,530.9236024201026
469.3822349444463,436.91362467907504,402.29371306808406,370.909767259092,378.32452969443295,399.42825645459203,381.1269538985092,405.58557290312433,374.5918087138526,395.6592784687699,425.60495858082953,444.65254651813615,458.52100139664077,482.1796167025176,449.99020767081225,429.11495542114613,402.85961297254113,403.1767822860502,420.3399512690693,429.44078038941717,454.01995737275263,429.88486684362897,446.3083432790903,424.8212476399136,408.77436023215967,423.4676890418509,457.0820239847586,464.8900764031535,433.7050984525442,441.8467263474715,409.81126495808314,436.7014647537603,451.37194471080375,428.49089396037897,399.91136436807284,377.7586903896952,411.36059295848867,408.459837930583,428.34550431448156,437.89408826202595,442.96300875913056,418.12212658568404,449.34383833475067,435.4378226107809,440.89902771730885,454.8833438385435,465.3296647057151,496.1712733844014,471.56200267880547,472.14669437009144,465.4291017219451,463.62091278572836,436.96613961957047,411.35276231066405,395.81805051535207,382.14737277861025,377.10059773630474,384.86972602886874,394.29376424814717,388.1205270091371
375.33758158290493,355.5715784516923,361.75301584032286,348.9458796325295,316.47006803194495,310.7580711229252,308.9473583792371,289.73885915353185,294.81091447207996,299.4149475023144,313.5551001800404,323.91149393412513,334.58180789059736,321.71679851828037,341.8370540572971,345.2771609092747,340.476434571867,349.297308237741,339.5433216492588,340.4350687717319,357.0044669654873,384.0526690361469,413.5266728468103,413.78097760962726,415.2002356414671,436.19116439493564,423.20271281702975,446.81947818118454,446.40939343740416,419.51936414087294,389.563504435979,413.5030292087414,382.39278339222284,367.03558392157873,355.4246867566869,332.5342979200985,319.50683380623775,336.4953134769937,302.52311252619864,325.4252522426467,350.3836138928658,341.4419240162742,317.19482695051863,324.2536555066743,297.6307344172169,288.1750896926946,320.26513235576266,354.9476454366173,373.99498783143827,360.7622935258919,373.89884696751835,388.2772925513992,380.4262112128547,390.28841563388585,356.0393507821832,335.6733868843401,337.4295680920484,313.8921593901291,290.5056401414865,314.0469404800031
595.8705410197701,582.6253239480711,591.57132928798,599.5796827469853,569.5950540418138,563.9125341527086,556.392624261643,526.996074116876,544.8691862125081,540.2337181250896,538.0866035184176,513.6337116853445,491.2985773415052,519.7958308924403,487.92126712063987,469.2209270666993,454.6650801887163,453.97890815682734,460.03007026786304,459.5603685774097,430.4484419963914,412.50516378029135,436.55635071366925,446.1875597471614,456.6279932565606,468.54222113115543,486.9454324639225,456.0130261844238,446.6756131297067,449.44253359802417,438.134487428837,462.24800855894006,461.02808416005064,479.8320154222072,504.473101603889,504.8085054071339,533.4771624781284,539.5758383157171,564.0950392340776,552.9363949254843,552.8535820226882,555.0523548930087,527.4009350057336,520.2996104748414,549.5132475534588,558.6715043789907,536.0969651495784,524.8168596422507,503.22907031863974,469.9666895445398,499.88892163982166,496.26343461780266,482.7908896872577,489.68429309629926,455.1963050368104,439.6578524988673,453.8701950977898,463.2340792126382,496.96049554061574,505.3855352166788
401.45223197853846,419.752511401419,447.9854624389027,463.4341787091873,495.85896435764386,515.5993263093162,541.275426987651,514.2627119705056,530.5316571800707,526.3378661469866,530.0551323157758,540.8423009795408,573.7293591489307,599.0550891661626,574.4154277500187,583.8695695292226,587.2165506698495,568.7731747516605,541.9766766851444,509.8429639051448,529.2569828321873,528.5359647593707,562.5237766240156,560.0719185575713,593.5261070927401,575.5957661309346,587.743846220502,556.752078796335,560.6343985059785,581.7785835949792,595.9925160765058,593.0794127595034,559.6292473544848,550.7184112459562,519.1273043079258,491.7770646859448,504.04845869266876,518.9765324344876,538.1369802271014,563.7189385909978,580.4791413843535,589.1433482268869,556.3886600177728,537.8061205486638,546.3389646849309,571.4077360086685,536.6939091418253,537.7179630899698,550.1280810454775,517.2005912844804,510.2954803132176,537.9899220100764,550.0028186299865,531.6389040652283,556.3335831394622,545.6957827781282,570.4299097582124,554.7327282881696,561.05514584999,553.8409505923385
324.4335192869255,351.49254863895635,329.6241063747207,300.5609177612241,289.49580345942036,304.73054379433006,326.2507562126698,361.1627921173433,346.90813610812484,340.46407268731457,315.0415621493884,320.2825972230008,355.113199831405,369.1748705398511,375.83976936878713,368.3056058733127,397.3765190933015,397.160680822426,371.5663647543403,362.14285717827966,331.84452399762336,310.98305663583807,277.21987130583193,273.9494654608434,283.3672840074692,272.39775637399276,266.82448037936217,298.9691294784825,316.60654798872656,319.46651257487315,304.38437383270093,332.1741497468106,313.63094792845675,301.40493906462416,330.03947607423055,332.1074199441856,349.06967640344396,355.4218119949076,366.1625566255723,352.1193870316101,334.0154313454765,321.5898956472831,297.47080513312267,323.6728107034792,308.50009603098715,312.8043536399941,333.2425633998903,353.11025105619024,348.79728915708375,347.13530075815453,381.76442318360625,393.98624657213793,416.01093759038974,444.189715435736,464.32100397178976,442.2835581185395,446.6355094801695,418.76810049218767,429.47264935166754,461.3471093248143
414.8381844340423,410.14625893478603,377.65525153405747,409.8394680971029,382.049655986214,349.9251925175533,332.149855322899,301.73698569718573,298.5952346660091,299.721380754007,286.60127718600785,255.16851096624987,227.98053674369575,236.526204546308,223.11880133815924,246.6141554468682,232.7553958262046,234.42554733510522,239.47988225590117,242.6968437562814,220.09581759123782,223.93320129795265,253.59018643286393,220.08457598757516,237.82883620942195,245.8598213259527,240.27205112382552,243.8403291086219,265.92965102804664,289.8139104630936,273.0383085021611,260.6126393699022,242.5864390818855,247.63362448346032,262.79494739878794,243.77264868122737,239.4382155741157,270.64847837915937,239.04832866844643,244.90382706441838,262.6250498701096,238.15683067913278,222.51825276002126,225.18522406592706,256.9231159090011,222.57130063647978,227.0755015320929,221.3162694950224,224.01764955807982,244.19676753935607,234.30424230909134,248.06456885968882,257.2204173571248,281.68089067340935,247.01278817724054,272.9198195191244,281.2581555690126,257.65019959635964,276.75581676582954,301.64022469117054
316.62012382657974,345.9356814897674,342.7477016106734,349.9874134140059,383.91288076724095,374.2204062719849,396.1415604793928,383.429498727385,404.3744452842894,411.42581960467436,391.57071827045246,385.552544835699,372.7870392411483,343.2546267567738,310.3430606637526,299.5965665422553,265.92895688947937,242.51309992020362,261.7075407925611,276.27392729041225,292.97455434242903,280.1752763215275,307.4766383197662,314.0447766817575,287.86662060402136,262.9269269059088,276.4436067909879,253.54968234193333,254.77475354783027,289.20081963295434,254.4813519642881,221.15198705114233,255.90198094664078,261.82669933603233,235.71039762232826,265.5025513369199,292.12917234585836,294.6632012636546,303.1886433539076,287.3117467589689,255.84812550500928,262.4678581273698,248.10072165156322,261.8749669474339,285.412129326416,251.68336740042147,259.7242005028603,240.91383828093996,268.8624601473667,251.61897560669468,260.68888060730796,264.43673941358077,257.16839441772817,269.60184786971377,285.40572229979415,290.0913679721512,308.18092457508396,342.0201198945896,336.36918704764594,337.3900006796331
224.73855361766104,251.63302346612932,254.66450226526172,248.42042998949302,225.9660843490852,256.4457400120597,249.09624681489862,263.75091859012616,239.2071095358967,272.12282609273166,249.6137494202598,232.89315632802692,261.13940042378636,290.02019251372155,269.87051104035265,267.75657321259064,284.1012165319887,310.5868178987448,302.1205065513562,303.3118706308162,320.23201936719767,336.41153773289335,356.2187468347193,361.11411413962617,333.43717091596045,361.71530127742324,387.3053790298952,408.1721995371785,380.1625729384296,359.4703886341297,376.5224141916653,343.14222081240155,376.6879451719111,368.0880727968088,383.43995015516646,410.5699263493295,403.19401851983525,390.5332927218119,398.14517174468915,403.81442790705273,397.4542263407885,404.5784592515281,435.05515512118274,432.7899730850445,411.5619257375887,402.96634453939896,395.55383332091725,369.73144183275264,346.13244687157146,359.05179200912886,347.81523480375205,379.65812223365856,361.7098944087611,333.63460976609866,351.3799291761167,378.05245281036764,362.5203877913718,341.66655490655523,319.67018434753135,321.21104544318723
397.998323673773,381.15911246359036,349.3212306528502,348.0256244756898,380.1788888101824,390.85523286286883,390.54069182687215,363.28913700894526,345.95967734741635,331.59385381763434,350.13010250014077,376.4998583086641,404.6147880583148,438.5345906358676,472.3002584531848,504.0101977469435,474.0377475821454,448.6832950970918,434.9959519504141,438.6988297349264,410.4872819443099,434.6930689904599,442.8660015258715,445.83150968702586,422.40330232273624,405.13118553075003,381.35302727950807,405.988348325144,411.88429852942926,428.3433584558036,414.0656588595054,405.0533434556848,398.39319096554215,416.5942389876246,435.65894812484436,415.13589505082655,446.0436150224935,419.48948864355157,447.2180344132057,419.2457296086924,402.7635163892842,427.0170139140412,404.5814589782673,398.53121416996515,395.021365166054,377.1894932776787,391.90665737119775,416.50008282935204,442.72034261924205,431.4728928208013,433.6324204209483,416.0208686915439,398.1566238000541,374.4444081996888,405.24573895621484,432.40495695860545,451.8200668915439,453.0563733816849,452.39892746751593,454.4811241002908
423.8958451592939,419.3152610881322,393.5380993905769,367.3345690913744,398.99204920057224,397.7342023716168,429.45858911498,405.9089705546877,409.71812919748305,389.2583369320908,371.9812593609529,339.0850798742354,312.4118116260502,341.59120016009393,329.09850956385714,336.6675543978786,334.2185436371277,327.2501308042972,329.482157198522,307.58888332159586,341.7911562179662,364.0727070272366,380.9857313184427,378.79888210941937,354.5002806582629,383.9468907374127,372.8439854541336,341.35145373291897,330.319711109663,350.9317032443749,359.52131539354946,377.08001632568966,397.6344931960561,377.4713159716941,407.1361480982167,402.7954203026428,412.5263757511343,377.68798983220626,412.2237847209887,396.88653173847956,366.23094919629045,363.3092921038464,337.34139610658934,313.0042658176196,322.26406272973435,314.7689801396507,344.29865165050035,331.6396062730652,347.4722152599383,344.7491753707818,355.94576644983135,362.92444141995065,361.0193195130805,392.5235961367911,381.513551129638,358.9200362170871,371.38662047867507,395.6071497702287,363.42491156602335,359.899199755611
559.145322081184,576.6186254057847,599.521723228066,583.3753695163414,582.4474046202474,563.3435284452428,594.6710204218623,574.4449568586059,584.1655049257264,569.6589336462595,571.3687816342934,582.1694212960713,574.0567070552884,594.337534802277,576.3873466312624,579.3139416405229,563.3787560813623,556.9497228575333,552.753230433882,526.559721715742,497.9803792498724,509.7046738701454,520.5909155541591,531.9945955488657,498.37824672285416,486.2365257098787,465.0832150180225,484.55381459610334,509.7979426938325,492.0655690996628,503.8150102190218,477.870406461101,462.131083253221,436.8368979895604,421.6833516515064,433.91490996595587,462.6377936789236,441.8143622336166,444.7598946801669,458.8572717672072,490.5618445611968,498.2660783632989,481.12356353521557,489.9070345191911,477.3414158366522,510.6704031850718,503.6477326465264,516.6276730997973,483.25360386407044,476.2579050935033,502.51543802607915,510.2313591364064,506.3073611841247,536.8229861446255,561.6018924749316,549.1569896425373,552.275377785431,551.5630757119034,560.8172507199438,549.2050394070567
312.79790029103754,341.6849287589251,371.35614372382054,395.38874572715906,428.86305588067836,446.01246268525654,464.5391686845965,482.9204751219814,481.5630092879428,478.5146629039418,460.33050223437203,470.4678458395224,455.7202553666858,438.76684404585063,444.7841402325745,438.4829074083275,418.80287002395175,440.92679119664996,466.1666855472563,442.905651924701,408.43114422070096,396.96024201775714,417.7860005154098,441.5281711518125,416.21120605993593,435.4147191427495,408.51401085440955,400.8183921653666,435.72105821620073,414.2024158423644,389.9798666227983,384.5758899010738,392.9526867189641,423.25574148789184,456.9132216752042,426.7880662366019,401.44789245095524,421.7995506236748,405.74380128263505,432.68323544808027,444.12496345411637,416.95409962076377,440.2311495654443,417.5760961660096,412.2207737935854,415.8737187927385,415.92734922835797,428.9587533214185,439.64682476226636,474.0897651492302,509.0492987949233,510.20145697941814,481.8653930666786,497.8144239944889,531.18090946965,518.4637566036814,515.7483786123116,510.48276334939357,479.08210416837863,491.1406143540198
354.2683241260178,374.3907953502229,397.6392006199619,420.1253556818111,414.2919755446027,401.80017330146563,419.2176278781595,440.31488824715007,439.7029094945457,467.2150808620869,442.28868958758596,468.82350416371315,440.5501704717448,416.2969570155678,418.665757944745,388.392051557864,357.08854865587176,322.12486074747113,317.6670269260695,336.8906986165256,304.3293831361197,314.98741558872956,337.6063278078626,314.3663872083136,289.6468486458119,314.9029167992494,337.521639495756,340.2475631342491,362.5915546848277,334.08448010454237,326.6981863602552,343.34401528770127,326.3656524403787,344.0286764507274,344.3211787580844,361.8397979144607,359.3673725644738,350.120676380001,330.46392153350524,310.0504754339563,327.65483217395405,300.97855653633127,271.9973210440974,249.33771659564653,231.2813941599577,258.0945683271919,250.99003197038675,285.3557659643203,259.96055400966316,270.70834180821817,267.1194073123057,259.6236796811009,285.8795736148867,319.17126882287465,345.27139593706715,323.73244346952646,304.18829795415184,315.11346949080627,300.34932020547967,316.7800793601203
435.23984730766495,438.80346110199315,461.8017458407082,476.53903986269563,443.3994834125061,411.8616230127272,418.97071468464827,418.00415997820755,401.21708585221694,395.52301196425304,413.5767342755533,436.4395382016084,440.7251529539115,432.70101661390873,416.6497899185662,418.18408287241397,405.2165561719206,409.7032157652262,422.06888254090086,391.6944273052585,356.7691498568508,336.6285495757028,364.2443544160175,374.48470784201663,351.52193247760823,378.8404098052615,376.7373256253753,375.06374859288155,405.5516846618674,374.7157531147012,354.7782323387115,360.7822250995421,339.46628077028237,352.0331714149094,332.01963166847986,303.96061961039686,283.44958078525565,278.0409631843,255.37064412641558,229.7990858710499,258.5398420940311,245.96764634584264,241.99460801583558,223.15011532439718,233.63369235003978,232.87855079394012,249.22914030566577,233.19204224662346,262.8121454444452,292.8888089088141,264.87698291118943,237.39518985138983,226.04255061970977,245.42870256453193,227.37042626032735,256.11580214747124,273.9148081931237,296.3014282697854,298.12566515180686,332.8930699581476
236.7865391187813,240.78012376482053,238.06922748530505,270.3438837740918,275.7241508689233,297.15751845005406,274.08140200615037,307.5857920791811,307.49056036052315,307.04760569946836,340.00953669767,331.66080198287017,324.48755370171966,330.4202428980652,304.3839256364103,291.85991948524014,270.3845020563993,242.61434559389278,269.9023546834416,276.1555363123649,266.2626317193187,259.86948813498856,255.0758183931034,264.39626114323306,294.2701185474626,324.56469192345133,316.96913049059776,305.01750266244164,301.5907576754095,306.346153805404,303.67340760688637,314.7861462940554,318.5940779306389,306.0441661992242,295.2453226026085,286.74681773178963,258.37160150924683,234.99598577822496,256.1527873680989,248.38955717464452,233.59953046729072,247.34561496083668,267.104577402735,250.124142766911,273.8439823086394,303.76932248239285,310.5869395175617,322.41327564697224,291.0935949695861,322.2799873411195,314.7539187396656,344.4269467778457,349.95537351036273,315.2786894293957,282.9766293820362,295.60594577893073,299.99270674716604,266.84997735159124,283.8921746371582,308.5423482320009
408.63864332693714,406.241664151945,371.6247817703689,391.69026164492084,379.8403863171482,406.353839701926,397.4680808309897,402.02353457513914,385.94745974909205,362.18864163003633,381.4321948667293,381.193528385969,383.7476830486265,416.326799792348,448.77739364789875,473.672342167067,451.80499266061935,458.40408126172997,484.8744009876176,476.08687653904326,448.1643081545342,469.93171131132874,468.65515990668075,473.16264753182327,506.9127482740724,514.4175484086574,509.16610540528444,500.0650111545883,494.2983616403715,467.58629746287835,488.21883655210837,511.8590166252012,496.76681604533985,483.0325793340359,509.2359772774729,475.91390216442977,477.3459232281357,474.80322325584075,488.1120971263329,464.5495161367947,476.33266799245547,467.70404854369684,476.01408301557177,443.8207337066661,441.14163750958176,442.6992000883478,422.70204828819686,397.47570408073534,375.66890529159645,364.75878075603083,336.5354912073788,367.8478769084511,361.1974612131583,382.8253333886307,416.03453200625,386.6860016064417,397.3028643618913,423.30150043377625,432.69791081144723,427.7297393064661
383.80901590241655,351.3219379229317,353.74399051318096,388.2920002882603,420.4015271062957,388.2294731252471,402.6352633793113,388.75880404809647,416.96804478652604,385.1260769861755,415.63726412695115,439.26056619209555,412.4858729497777,381.6735765619886,405.10311306487415,381.0061500330947,383.4490207414056,412.55116079291525,417.27252874136786,410.07885984446557,406.22998368424504,375.648185633516,408.46084812882793,395.20664108450376,373.4620855016035,358.4853966304312,390.9915202728347,362.59154401699516,388.30275685207783,402.8518294601792,425.95317200131115,459.26599982706387,483.2168257132449,514.2535903026945,488.13905827805894,508.8442578397468,512.0415564254201,515.0862480810104,543.0107584234463,576.0370257287161,582.596389635726,572.9041048275554,566.2449109441277,557.807852241483,548.1197843115694,540.5252632294796,511.80798969706325,482.2285156652939,501.81940473635575,498.04450724077157,528.1924214388949,536.0478920404717,503.510210793381,479.5368446856046,458.94423019651515,492.2457519037914,472.55504773440583,473.6579450745694,504.19033028938316,537.5938213833882
309.8169654457469,278.25520050824974,254.00732878589284,224.37012915133784,227.68206657236206,244.26773041401373,274.0787692754414,276.6840911340452,285.5033601029809,264.63406771564877,285.6749211628183,293.9201447582091,319.40972280169984,350.8287402921047,340.1817945950662,311.522328692547,292.33735574672176,287.98626534403036,319.1848209717435,310.6665085378825,329.6206334944584,332.45400194641127,310.2506158765796,297.7020042033212,308.42543615491854,320.5251737828611,315.95835605949435,296.9635482458424,312.4970228117297,289.31813572461976,319.8850141551786,298.038264687732,270.55013008600844,270.38546925158494,271.7539411192635,272.32744515374065,267.8941694074594,302.531211905532,301.57085479247274,300.0271154442609,294.5507398342802,264.2285426633826,270.7355068438557,251.6932508994785,262.52421569417663,231.08255803057003,265.22482804394434,263.0551835748314,290.8280595861803,289.11734171248577,258.3404990126813,280.89544723924774,291.26830831594714,310.9913016461233,305.9631920917444,315.61876418900954,340.55479445477204,349.7293754558042,339.0665298943174,350.4436014999514
475.3045916733456,507.54567904880935,498.50954155672616,493.26526528271535,515.1138725658094,515.5172345978012,532.0773511159025,529.2570136276539,509.3416735545429,526.5059425492137,500.6868043921434,479.58766083933494,488.46540963422956,505.7742956476744,533.4024477284215,517.4835025475339,490.23420064957276,522.1574668161569,497.96708297770687,476.80377173553165,462.1968334846243,464.2542282664644,491.05201788884983,509.2902394799405,523.861268248925,501.1239079988452,491.16169220566337,489.65003703173085,464.96985377572184,449.1099329245889,435.693257201288,409.60259108432075,413.1193695178988,427.4713432745923,397.3665574779726,396.0451746013931,415.79995827013875,433.15926729681,455.2143840321228,451.59122835406527,474.0302241388555,455.8829391238543,446.1396784230804,423.4845687723265,421.2084865323265,413.65268810140753,395.5175862504094,413.1422358965641,400.11150994437935,384.20781305458786,358.3701362141225,354.08765534025895,340.2951793588701,331.1442782527379,312.66408663617653,331.0849709235696,361.1852052383998,361.04043493362195,371.05032456748023,396.75238392994964
599.5552621867903,586.3011931321213,594.6323915281505,596.3107334794023,591.931411029315,576.7830756551289,546.5076119580907,512.6140008389001,511.0180451687048,510.6200625161281,504.13542966653614,508.90714425693164,512.5585334882416,536.1214463605301,508.72744358888843,489.4898802162766,510.0002287434507,534.3488094491065,568.9865044025672,591.6104779532822,595.2227705399994,572.7266607842682,562.7394719688792,546.5054293063178,553.9463871798079,584.6627619743006,567.011032312024,569.881008462507,554.1757415905698,531.0617397546594,509.72472684196526,478.7809009596344,510.23144757028246,503.4330201658165,526.8214826059641,539.5145456942424,517.9490269930184,495.23138425355455,517.0705583592927,500.60037810266033,529.5303409617986,504.33421929006295,516.7738223018758,538.7869936240412,520.2549408131364,504.589456255096,537.1057782848402,520.6276106590713,515.7246041520746,511.0006956790402,493.713128174118,513.0185042247144,532.0479582507553,523.5302192464203,546.9890246220716,526.9042700300017,492.20567432673926,497.1873896706411,531.7728337423076,499.4779354301896
299.039268009215,300.3632929833109,322.05914453445183,293.29208488970556,285.9585106528282,303.25381669692024,294.26184128536556,272.4803907186603,251.16509863642142,247.13091843197554,249.78662316966114,275.834045929227,285.7917152289865,299.1198520450716,332.9289540525851,326.7579948736533,319.99280310109225,349.6270908418991,331.8383819322532,347.92544917345384,365.7455688487233,337.5907286699043,335.3669270684552,314.406300060964,292.382569157138,289.85053688953934,275.1106164151039,295.83484774891485,324.3671901462486,345.5576325164342,329.17979359995076,313.3692011581533,296.20018566637606,270.6528523903126,301.7187381575724,294.8620840285672,275.5903472467784,299.85732078235543,292.80099196840075,260.2591687460774,236.5950786635516,252.98217159637872,273.22360069245207,252.98900788666197,282.37281595380466,306.9426143574562,331.32926714173186,312.2655474176768,280.8030666231809,306.52271438696175,292.92873039866146,301.2528770808083,319.4505589398594,293.4310870356378,313.08977185197114,343.7855739792457,359.77182158149435,355.6574139751334,382.0248836877526,383.94691779283175
503.01295257036656,525.4483686404689,542.9030689593993,528.0529102827701,501.30198334617825,482.9856804015225,483.1869259901472,483.5563105506639,489.3414150026816,481.9985436310339,502.0809403325359,531.0017028568404,513.2724566004034,529.8290818395355,542.2871115176887,543.9034464672408,522.100562838432,542.7668209392217,575.0106609332399,583.3131454183086,595.7544415902547,599.3793418917821,576.9196185956256,578.9878859708422,570.5338605135771,599.1380069301767,567.502142464637,560.3365656810286,586.6242987979351,565.3654801220208,585.2230570395633,569.2768326994916,598.6841262276005,595.7702842413127,572.5909962247231,585.6579811551994,567.2791630890149,573.3425621001329,578.942799185599,590.4475956274215,556.5369393776466,536.9479917583076,551.7822384995081,556.2288650873758,555.9212205614558,524.7859175310144,514.1652293733164,539.7222456070617,506.88474419958396,499.63528067512084,530.795660812075,499.357312230226,516.8367148033506,499.8695979360931,525.5322161868502,542.7569747140058,569.7563366740911,548.8440610047061,551.0345538420084,570.5834498922445
313.3659023380928,294.51814370679796,261.4208930516289,293.5169636299106,308.2181452337342,317.7073700144472,334.78700060309654,336.9999049117773,335.32927238810606,331.79652926675254,341.62727411400743,320.73472239147424,347.8988310425151,369.7214970278637,359.19094982950605,364.69360060638274,339.56551160288376,372.6297489582356,400.83223709235546,430.3650625472995,418.6164758865411,395.455905403341,375.2799568459827,346.580054219139,319.9877983262359,289.97911571917507,324.2667305635162,294.4507683993514,268.7287140659503,291.6365357573019,297.2533509293079,316.46255524916114,325.626395793247,352.3786507162734,362.07137765980525,363.6201341630258,378.5126127263168,374.8301053517644,364.05457295509586,361.79024462661073,338.67023198350995,359.4302530696983,342.67951776321445,318.42672600680777,300.6713829316336,324.6162935556904,312.73038424753156,325.75387511294457,350.7025492588463,321.1446759435993,339.69638430606227,326.2329669525944,306.39653244547736,319.6196341171854,348.30539770851175,333.95674231837944,338.7751086952818,324.0634966647462,327.86348766559615,336.3938298114
451.92744774026835,460.57569361526055,435.03127907048724,448.5791119415576,460.8116368881732,473.592805443355,443.77774413506444,440.0564631040551,433.6889223472562,404.7587262022802,385.3244811550569,381.19186538091947,398.1953070709852,379.7896524599116,402.87214616865543,406.07802617041784,424.3075441333411,422.3864629669211,422.33005874647677,430.7104160030516,460.6683585746593,460.095239273563,462.10126694114336,469.24105438807044,485.86711399891124,455.89663748294765,456.9947581794857,455.70616942390876,485.2241183205387,484.7695789510826,482.55201637968577,514.9060155771149,511.4463680291766,489.1082781517229,469.2924067481281,440.9555344317163,405.9953034798424,401.23149974987615,420.07848044075166,436.42113143674015,403.67156758293964,408.57037083452195,384.3701896134653,415.24552954699413,391.96107952208666,400.8258247609104,388.6625101123944,398.57180292989904,392.4299046823843,410.6049183438319,391.75245711678195,420.15788682078016,420.1725622727148,438.0990826126145,462.5801960107004,497.4981987775367,478.17439536911377,463.2568643185556,445.78718038978775,429.18817364097254
441.32900178496345,475.87557840517246,510.1950445016653,512.0691706970268,521.801075415554,546.9990134746664,577.3043555664118,554.0662258348254,556.0641468607971,579.3627406871029,561.2320732490306,557.0187062226632,591.0121833285039,599.3422368367244,596.6519788956202,592.2708928738436,568.7705988701446,555.0203071280841,558.3301060124254,562.5845222317663,562.969719586761,572.5366391809024,563.0418674743713,580.4840584864586,563.6678467701986,551.8152365564433,525.7210538888713,503.9309085908957,528.4673701153907,524.7071338160216,505.65787887472,523.8117558762871,527.5904346834673,494.0713554830978,481.2166574966679,458.6067562751618,469.51785654396065,453.77002938807834,423.3163039327744,392.1617531766113,397.8826640337213,364.4033059330076,388.8187538525338,364.6965522005431,372.1561956642232,368.2843576249754,364.2839641112086,334.3097640764118,355.5024215912669,383.0160955239946,348.7872622408906,326.2895545396888,354.56284775537233,358.0274006513764,333.53017112875114,312.72550281139223,323.9245399079902,339.6617174652713,346.62159406586676,378.34198065974357
407.7441693914753,393.7632032414522,392.1695069397579,382.3461474964207,363.05525998364874,331.27268743745856,320.92756198701727,335.7262163266992,302.01686252796276,297.7593584523782,307.84001655386896,315.56830419607047,334.9336947082806,356.6700748044664,371.48948226882356,343.685320998956,341.93689207926127,349.1753091033939,331.3649318200555,299.3435590553299,279.99488151665315,276.8374896379379,270.81261197175996,248.17930066466127,272.08599744382025,301.88406425539097,280.97844658908105,311.04855067878657,277.2988178210492,307.0461909105354,338.681206216199,304.52483662731373,322.9361874016861,355.8502974815751,384.2634527988196,417.21316408255456,420.7358094813893,391.2067392733665,415.69198311971905,423.65996102634983,431.69153311953005,425.89928580963806,430.9282241661157,406.6788087021437,423.46271056177426,393.71392207638223,409.79857576944767,434.22706535318747,432.29987278270164,432.9879984066951,419.8429975112406,452.7050983720317,469.0238115911999,459.853010322224,437.0895273585344,417.46009881268077,414.93465884038426,445.9144468623879,462.30469106565215,442.3717534381926
546.6332306991812,538.1072673098589,562.7278201025352,544.6467919612144,552.9530347967566,582.8199689624463,561.2768863641774,574.7817477051872,599.2359881476191,569.6219870775261,540.4015531813311,552.5952166524683,541.3767329949004,511.3638464105618,509.63523966241405,527.399187237491,512.3577552665542,500.81103669191367,525.0099947372016,526.4150285955058,550.4062664119588,546.6535308620184,578.3617921712257,580.2216313975008,551.57038216257,578.526891338446,571.1572176245496,545.1998434327272,520.8881528016267,534.0155282593178,502.331603730382,487.39316727434897,462.17829860723975,458.05371868044966,452.05848272005494,453.58983314827486,438.164376185452,405.4074274419244,413.4144548993874,404.574715101152,415.1681650129552,387.774852969254,353.73926783983757,336.11986519180806,333.0781778013917,325.6632159931844,347.38439486232704,338.8330299558247,340.9639125280402,347.5100039989937,314.0382014142005,315.09753779343373,304.2357259513524,298.7253348891802,270.7454527838477,290.54289237925286,321.5111899358494,288.07000737992144,295.1661007767158,313.63518548690087
328.226883686958,348.35577462738314,357.62062818102424,387.66201243999916,421.3323492347632,389.29657721467254,385.442220486563,388.73136561703825,364.0033919415739,352.54340007148926,386.6787214144416,352.8148533584146,349.49040856512147,373.4762320853952,361.1493204757454,359.73521566860614,393.19841787376475,391.43979642706404,365.604288277319,334.2247926939663,365.4039527647627,349.0106116940173,349.29508515353587,320.64420877983366,315.300067218376,345.4074535658847,345.57636312005036,378.5558237462133,361.6743183528313,361.9924851321069,387.15964055875963,383.5373053775217,368.101421527435,392.98469696668667,385.27695978776933,387.42759016198573,420.7844848110459,398.8383154439564,384.93636001436937,352.1112320192582,344.5398717129619,323.55271185390205,336.15515733245445,313.84765944606414,326.084552114475,309.52783208772723,299.3930804762112,288.813326119459,303.9859486309117,301.6415970505957,291.9325199702835,316.616110303045,321.6526540979292,301.620811587389,329.6272010574468,318.6127217798017,286.3412782074141,285.96329388562583,259.6389576964873,241.33160875658928
503.9021316212162,478.0547585575585,499.54085426234093,530.1243644315076,537.5816114600638,552.3067549016619,567.2578175951811,599.5127953295512,576.6330335430896,551.1384764067606,552.4801828507631,554.8076695389826,532.2615437197128,540.1792030493026,506.16793439268025,536.1047225644758,519.624922011964,487.39413659927743,459.9715975025174,441.7890238820923,425.9624556845155,393.2591556493565,377.81399250291753,356.3199140574613,347.8233789778776,339.78512059279547,328.515662434997,316.47033428214627,287.75152372403386,254.51587002286522,234.0501514194393,257.11376898621705,291.4704525747956,321.46728482880866,321.76263971645244,323.99030962090785,311.01101945341685,330.1867801580528,348.7197483133382,372.8188133441093,400.5041337478912,395.9085811236619,414.58987089116573,436.0377819068772,422.6299554817197,452.6769125621502,424.2808177469261,458.8796602883559,477.7860105594768,449.31497393217967,460.2510492995297,427.64360806450793,446.55669452560073,467.5022990417346,474.6710167581359,499.65124419229585,471.503073807336,455.81774275019296,449.8101692616799,417.7822259596468
390.3221132770432,373.8870552049228,366.3785060520455,361.135690291507,387.694511635645,371.6183795725797,399.1803985827188,393.99836611961825,381.94490656819727,382.1207500216575,376.3627800670563,359.3788419809165,359.5663947166412,335.19251603215935,324.827612043767,329.4329273999533,323.3715045072434,346.04536978079915,329.0158930882608,361.8999036064315,381.8304450660261,414.5619568858491,438.2315157239704,413.1787905335854,415.0309968780364,391.9294933617414,414.2054080456494,420.0967584884801,403.53821049346345,433.6101385339654,406.6731622659637,411.1435305089557,426.6163693356265,395.7357669488967,402.58568927333096,424.69877435574756,394.4256863650113,395.2826943424752,378.381696812887,389.7864084204715,363.0938241159906,393.68742426292613,421.31842498295737,399.336634374257,386.9652462798143,393.09969450552734,408.36405806992485,404.3499791311429,380.2903716684112,352.5809762346122,387.5645498186163,384.43919831966036,410.5164207600552,409.28274108409323,438.8477757823135,409.990932576322,382.97227596974056,413.04652911043627,444.3710422635712,431.4012635861466
354.9626570576713,351.6341734961044,345.76549110081476,324.06865621798653,351.95493309374274,334.6864651431378,349.0555338065734,318.7564312480215,286.46902445501155,297.230157535396,285.9612675655242,296.8434250559243,268.4249092077424,299.91450580185284,317.31051848436954,343.6492247961755,318.2021635792912,305.61343140179207,296.3975228962362,298.9996082791135,284.78040226463247,254.02455421789082,245.46166579102132,235.3904755883283,239.44675741649326,230.72380843789603,231.97489966117743,249.4510232841462,245.01691183022152,240.72884465547614,249.7539440666688,269.9810142890763,261.5017712334333,267.62813571234216,300.2623194881145,301.80092747637804,330.48675783260614,351.04384153055605,320.15414924606654,315.1910702489145,329.07335879971566,363.14319267108965,360.22953305239554,331.7245148412673,336.0651570711681,309.9246225198453,327.5309917394028,328.0683815617272,343.7085773481373,369.5639052296339,378.59026643102834,386.46101947875104,404.28094015952524,428.25279026121194,454.08655530060213,421.63666899840393,425.56998977424917,405.7088414600778,430.93305381480263,441.32089177903794
379.6845420323265,357.8518380008211,346.58349181520896,360.84793043302466,340.15309859783935,311.70390477152546,338.86591784745406,357.3606423180622,336.3462874641315,321.8080955042309,354.8530079033929,369.42592197653113,377.16246227149884,363.69645625118795,349.6352163428445,317.4018696511606,333.3956003342958,301.4178660882777,266.75787973268723,282.8225358829558,314.2436988833946,332.1989122243063,330.2137255680128,329.23689303727394,324.76644262271134,312.4914993204347,314.0114943134435,309.1920613133216,316.06381291617583,343.93221855125245,378.58287776391916,349.09490805572335,341.0227511420172,318.6721848456939,308.3206180204812,293.44372931887085,270.66132853274604,289.1466522722364,288.8868642702829,318.2340550254887,285.5155260527797,255.203986972019,248.43313777714312,225.09224232556915,230.53341864556248,264.89730508848436,244.52447761240734,231.7928550633047,246.84228467337482,250.7973520660845,258.1913029936942,249.56277246829245,273.37807012724596,248.07870872821837,247.02245492834462,262.78072315641504,288.557273976218,279.42728642119107,284.16947835775375,254.00927450826205
284.721253482495,254.560924855123,270.6320680317891,255.79626584233895,271.4584361557676,241.1063156887968,268.3943791863868,291.88149305416323,263.10650506768303,229.76946051968608,222.52001979049726,252.02822099023106,235.73175733134875,247.81486891283504,246.7744737476111,269.1431707355633,268.3660518385102,268.4123106847991,302.64874644979227,278.1578154222403,301.3070911344555,269.92957332672745,268.3649871968354,295.40842487214707,306.97340246443554,319.9384258200648,303.37063557801883,297.67087097332063,288.33154541825417,289.83257012931375,287.1885252393705,275.07140987075974,261.45505273674166,244.0147551526002,241.5431738940348,228.47816706075417,257.9174965369138,265.0658539652537,239.4309037568236,257.7673906411038,282.1040434009619,263.73154044462007,239.27358204822855,220.46768941207938,221.67586034317733,247.9562239967782,282.1495238465747,250.29114641991407,268.84241052177083,238.87276213063802,251.89983082577797,270.5813084860014,260.725616294743,226.49104677248948,244.69502924752376,279.1723770682697,262.2055966669644,240.46998607006952,226.8741675447584,243.25086685786363
446.6491377569039,467.10809635883203,484.8232255122677,512.3011301479238,533.7052190318849,516.013914847446,519.9253331887493,505.7441703252999,493.82914689390503,524.0652527400048,536.7979660947,570.0192950222773,562.110565572312,564.7311957070904,563.8292751012399,536.3393691279008,517.908508744763,519.8430539870768,489.55925534638726,519.7615903980095,493.43064813404544,472.2893003832289,490.8617860589335,462.64720398418547,490.6666709572641,506.4657389078416,476.26919890546174,489.69849319545744,498.9124911474497,516.926951439244,539.9008011134976,555.1853405356184,561.2176812045864,548.7901135053108,562.5992698334059,594.5872807575604,583.330633522892,582.6569119972075,570.5375435785601,584.2789483259669,599.8816876862727,570.5142900606711,548.5665382049395,551.3271813114468,550.0234591197628,555.0333440352332,523.4685273759324,516.7678793190638,522.5763576636531,528.5397522550005,539.5531295787866,554.9682516089731,564.8765558428331,585.1935767200936,581.3106693398173,575.1690959661591,576.4383763286028,547.3644241904531,531.4853820412395,533.4033666873087
551.7351418526487,564.2687507928082,535.597316285841,542.0565628169493,522.5782219515462,538.9593811367567,561.880240812369,568.4221798936671,572.793813343328,558.8562958600519,555.0937973413436,580.5813821084178,584.9434748125323,575.9605369703758,562.7007793245967,531.2273610047955,506.23787909764246,484.7496423653984,475.8864903935056,506.9765456888448,507.3372833289572,488.7760947571034,461.1786043794094,449.8599911016169,471.9611355901909,463.79513112892647,482.87053755049544,504.05988587937696,476.81733975828627,484.42352244216113,516.5602468781389,509.7099121213876,478.2759983515992,507.9071866696506,534.7638263797244,536.3137276843545,539.9714461084352,519.793323302764,542.1548761908886,542.0568788783374,509.4283245383164,522.2393714897463,553.7741103759357,576.8146447001383,557.9435169767494,526.6762729220832,557.5008717997558,588.0952625413349,578.0680633314383,579.6364375338367,570.2476248918505,562.4284293996394,535.7898199146484,507.56252279992515,488.85377306725826,512.4186253157164,487.626886367214,468.49579200124373,471.8987761537983,451.95796141927747
282.0185401927591,286.4506771116164,277.2172060813795,286.04835609021234,314.90272991881966,290.4722491192744,319.4126053061889,347.58690302579316,370.62303385930636,379.8130480707323,388.2233140933206,397.9682002888757,411.30288887412263,377.4566429158536,409.5231234570991,415.51538675968965,435.21799551785915,426.62772425215456,392.49552922626026,393.17695541761134,393.68026376972637,389.269513951528,378.04970774287335,360.5375338895539,362.4656751043567,353.7351448829013,386.6303766963879,363.7352882400731,351.1118779739692,336.68911093868917,339.72075327520616,339.67037126339653,349.73220384309565,381.2323277832902,366.19780376786093,379.69181361571066,346.4446278260735,329.8118209174272,327.2722018771887,294.44183707086813,302.67869930962286,315.16044189774243,332.4316619364057,333.59187727541655,340.8680038239204,333.5925714134145,301.48028368887384,273.47691359308976,284.32662828719225,319.0154992581966,285.12172599962736,289.1525707774741,306.7231834792532,329.5974214402247,332.7617645258095,341.1558831386968,354.92662930791556,380.0542667864557,353.614534390653,383.4472881298934
229.88661334959662,257.5341749042706,227.90600476344943,228.35071897422245,220.16881404541297,235.65915027947023,236.93835431360384,228.6213986503599,239.67718373168213,242.0005067074847,263.75706784341924,291.2761892683215,301.9558968920172,275.6646241028739,261.34197973256346,290.27426051082307,261.4856750213753,254.96558377873316,285.94288589882314,317.48942480168716,311.2736471951096,322.9914293620254,319.96362124680536,337.70585900734926,304.91655215585916,280.00755258035423,288.0014688284062,269.28012719942063,280.903788148261,270.4893930705519,297.5545821394994,319.9027391286985,319.40138513351326,338.5040412301533,322.48369326660963,322.08187764344,300.9056212738695,326.16765307033904,348.78238623012805,376.93286301875816,403.3562517044563,435.52799004862095,416.5115262628558,446.7392266185279,451.72415001316773,446.2988058874384,450.5249786051895,439.507143570709,424.7058540579756,406.59785771640264,377.3678169784015,377.1273597787046,404.2706770786767,413.38131492788364,414.8496092207878,409.85111349835194,407.3592273405554,387.00864167059194,409.61415307410874,388.5009605038157
492.31664755637894,510.5155983611096,515.756431303051,541.1612775498891,526.5348022214346,553.248007708435,569.3067398803863,586.7792200860363,583.8257719944388,592.136722516798,599.7041946377163,579.5341809714795,589.678680988589,588.4240177991455,574.5168905766465,595.5816483573361,576.1292683462133,574.4186605626743,545.8367904523341,526.6410540369727,550.489785974336,543.2484765723552,535.8343628314233,518.0530341047667,517.4657575055885,538.872944800132,566.5344330442938,536.3348573859762,541.5723085727843,539.2814443252478,547.2811738582583,543.5904719418371,536.4956094015762,534.5272592716404,540.2671982845894,540.3360230568138,538.386134628259,560.6346063253246,577.8299657119746,562.3465859295079,583.3869841555803,592.446469660509,563.9781048787751,569.7658771999281,553.3779548267125,570.1200173615831,550.6124053846831,562.6106520767954,545.4693780008298,546.2494414409258,577.6546941950593,564.5208915935727,590.8225856109973,599.4232453538225,595.5475993537639,567.0914124120097,587.7532444055295,554.2721990183558,546.8033308773073,572.7546670095578
481.7258408487695,484.01767076242095,476.1681525182044,498.02893877112444,512.6980270474999,510.48639942059697,537.9603030252731,519.0566642725773,495.9840699136811,505.9803334170318,539.0199374061556,521.3278975376295,503.80482406299734,478.5697434203506,503.8091922895049,484.65702011829825,484.87951698904044,519.2405904491948,485.0904535137378,489.0444798494934,489.90471283883966,511.4260291875505,501.2957369562449,495.0196320791778,471.7752907210983,488.6323569356034,508.5619805787738,483.1284130332919,475.67040821247446,503.1737578878623,468.3632670451674,454.2764019887517,458.12936194243,446.5159321186268,430.5590953610636,427.7617193042885,405.46833687196704,407.5421037391309,422.0108182310567,427.28146491505186,398.799118075149,422.90772106673916,400.15616969086335,418.6930097336424,408.9325674879519,428.7258618518791,408.1649650902533,386.2313123489334,386.02312158415714,353.32864261304235,334.0994563278057,349.78031398071005,373.3971574620898,344.05213293773653,370.79757259840386,391.6237768821264,417.50167758161393,431.3916764021327,443.58239111271024,445.3389174468507
468.0591453066997,497.39682182636204,469.43336192553164,456.53687537475804,426.6087235264691,457.74508556255176,453.9136681825089,466.1877811298421,490.0661856451446,524.4362030104988,500.76097505595743,521.7268574562335,548.846460325805,517.2677367053662,535.0540759183564,524.8848484021149,535.2866238050451,536.2699975277657,519.4519551738302,493.91745051410925,467.10375683035386,439.3363568699483,448.98165967936876,438.58041927733643,418.7447599517475,432.1767164411607,445.2561860448134,447.99796650980323,478.4450136904128,470.42400989131227,493.93441788016275,464.1941764354165,480.98235301811184,515.1736719863469,539.435547126494,545.0120774781982,553.8857019810995,543.6159704416857,556.179935719753,575.1076125424458,599.8938995047222,582.182352159137,550.4202887163718,557.1303452675407,530.4620357662925,512.5955888152203,500.61018260662183,516.7822737270105,494.64884239850556,471.2515486774702,439.39904565238817,465.5258411971598,479.07122090208406,446.86747349531794,413.84793488998594,417.9551356432399,402.7325437333097,409.5033882635447,404.9256805612123,434.5575599229301
329.3674256853198,341.9076014760424,310.6914032893443,342.60164068256904,376.2546634361537,392.98988746730254,390.5547604767527,370.954301229661,392.83044504701854,409.3752318473101,389.9120146165765,386.49708520758514,383.8930108547601,406.74174935284975,419.6108772562351,429.632605304039,440.1205248834685,424.053430440242,415.07321862830935,383.26957860887876,403.3554581157274,398.66533317761434,394.34201817374446,376.51695671909835,356.17686642125835,362.3244014910904,343.6031125553477,313.0977321649302,331.8232512835931,323.1761116920387,314.79260256499003,309.98488227109544,332.038019909662,319.4966026254492,337.55913741349775,368.32727626806576,379.5880499828017,374.8057256651934,392.1510062854599,389.2038221680569,383.21373114562675,384.98355259571457,372.22411603236515,344.5216311719652,338.56127155879676,312.2312532378479,305.9621563867292,309.9475168716707,340.097299556066,307.6328627292372,316.13495118437334,313.17641424987875,279.5946932241685,262.06306553987895,235.35703320471507,230.9171099951862,232.60747207040004,239.1051801533825,248.62377169295263,220.0629871475498
281.5103570389215,253.06000403153755,257.4107737698513,245.44601469794017,253.1484576126717,235.1169159057539,221.21430050125824,254.09094384453897,227.48311031897632,225.38935418458482,225.91893168054497,260.1527870450034,268.3890038569031,276.1093004761727,310.17817458246975,281.3688884316956,314.58395090965587,293.86487116843875,302.4798764177812,296.8857259889766,288.7623529323791,318.94938592594144,294.3953269167594,329.1901576920965,320.72891196850486,331.14315524070366,363.89662644453887,332.9286999710671,362.52920537583043,367.2760023506345,381.5837838790561,357.0266767511005,359.36379690927276,371.50975694003984,368.4470684571776,344.29603092460155,326.38436618059194,351.1918615501368,318.60483104843024,333.22517653928713,368.182479095304,333.7062888227777,309.9794866201735,322.1695876826929,291.36894610366727,297.6542449735774,310.53425222285136,316.7044965908363,307.267425802311,321.0771865213757,327.6777964823432,307.21239852891756,311.63188657987524,338.36539177960015,350.04372177793164,348.06912729550095,335.58001449636254,306.59204915699263,288.71594845012464,254.49902116620603
594.9178486594865,568.8354159598889,587.75134375196,560.7195878003548,545.571668272745,539.8510806187306,527.559477108643,548.4440340018333,580.4825725629129,593.2013760614307,564.6207195672675,583.9889269117178,556.5358577194902,585.4725351788372,576.1217481168966,560.9272785482118,536.9190633616053,502.74569953413555,485.1019889503975,514.0833933800893,534.8917468391453,567.7773063816957,539.550767244552,546.0032792899489,529.0038124721033,532.0097318761718,519.4415738656137,504.28416238264873,509.4533335243705,487.2856048552383,485.1249454432865,495.6818039963689,469.65454911916515,499.79614808054845,500.1968770423372,522.5638350742412,533.3372152177157,548.0372811032938,563.1664469727925,589.4234397670956,582.3894648367492,562.0266180804068,533.9922930809888,541.4298364424988,511.0745327064394,492.9650743247065,462.21457724684035,465.63670847730003,441.8603772233008,449.58888958364395,469.9494487440727,492.48109919810304,479.14914476773697,482.57596205635167,486.98671526239684,485.08881801318853,495.94679041292204,475.65288908056937,509.19991585164496,481.06550374801026
535.1040336571853,541.6907527437684,523.8305850473284,541.0278350935495,511.9414977909445,531.1507462023593,537.4497117593703,510.2022340471184,480.7676234635843,498.3261668041367,483.8316802594053,511.0828098131102,529.4279212852225,543.3012384154626,527.8036620998042,542.4297784313175,573.8001163473558,544.40356755809,532.2349524983397,513.6620110806513,506.18952048869795,523.1528063284743,521.3497870282514,526.3009294566687,513.2917716221526,488.18202031824967,471.86737574389065,497.04499683082975,504.2141841815685,495.6733913053749,515.966810026866,485.4788302987096,468.2512064532766,449.35842723729036,483.33394658906593,497.76084735655917,506.005862903758,471.3548104743711,449.2565106206611,458.7444011287766,450.3247539824932,480.02438084002745,498.5550761799505,494.8719612762389,512.3380097039178,545.6163123717533,542.8849701008563,552.8617822530537,582.1683053073443,560.3062091298387,587.3652630864782,557.0117795309159,567.4031514720511,585.3205436612559,580.8538464961274,572.6851500682825,576.1550419559326,550.0796865358667,530.169636258982,514.062590335926
447.1561494394145,443.0892246015694,425.2025335755782,451.99918682569876,443.1737156462244,439.3959359923168,433.0750113507464,410.8110182201191,427.02490930023544,423.4169876590555,389.5549853515458,422.03594451673155,444.1393973284105,459.7885521148367,485.6249830511337,514.1014908035223,502.725770250433,510.4928777396019,518.1094243839935,501.8204012007353,482.35705880203,455.33056663936156,466.48256035351324,486.14688972566785,504.41359829185814,491.55287469480635,470.9210642273705,467.674056719194,470.95099893602975,500.2870978938287,526.5247186930125,555.6488018841404,580.167168843659,598.0578871630953,580.2544405840935,547.8534037584978,518.7027460088914,511.02207593295543,494.0601723220652,470.95601371733994,502.68027793294533,481.3596491216889,513.516198183755,531.7749170062395,541.6411140550052,553.9624412612617,542.1656439174004,552.4155365814802,530.4839848611688,561.1233651386874,547.248898935929,530.111954796477,544.893350670068,555.8447609347007,552.4356852187321,561.7069216470871,537.8714366703471,550.0044181884839,533.9471668521475,518.0456852194994
281.62837527863815,269.89477473116966,258.0823489529626,254.87487977212146,233.30553999482808,229.32333325722053,244.0116592501199,227.6052694894539,249.3506426758428,280.7436042012727,275.6192977177792,303.69666963832657,275.5788310171371,243.5858649334322,262.2620196252074,280.5335297339122,304.54760660151476,273.52484408951346,292.9083379364916,284.2660492322523,270.4996835200062,247.611358014037,282.36189903034574,251.8183502826662,275.2593112066496,285.0239216909865,301.4795527893172,316.29975118384294,341.3901651389657,319.2556100288933,284.31333320732125,291.2103274403499,280.98043219298324,254.6455453711829,232.9637350443022,235.9119361239236,223.57571689235166,222.19546757274432,254.07202485740257,241.55756886142217,275.552580310165,308.058270893293,283.03826065619097,298.08296185892436,305.1393040978192,318.48459921517997,290.2179692161932,268.41717472061225,238.78188102217396,252.49147394641014,286.5864858914297,298.62540352748556,313.37871097902064,347.2996638870503,359.76047267907603,327.5731827630689,353.26357482303075,343.7910551495465,309.09650865557654,309.602901084834
576.0657003329802,556.2313041656495,555.6372262793483,532.8016084241157,501.8400954407665,472.4782417106844,488.3690051279793,513.8542180799298,488.88513682760413,474.06743657433697,452.7194993094749,419.59940369432485,423.33959958641367,437.334151496049,447.6855751580039,439.8493234691613,443.7000406849547,415.2869921494904,391.0882524600783,421.31387582878716,439.6194181761799,469.2111548839416,498.3787747988973,508.83625799643914,538.8129633642907,532.9822505800631,498.235387715009,467.61536582424014,440.2794786232972,411.95422034609743,401.57338770561586,415.6623442032709,436.00776066530557,442.32268986942927,417.5732220884178,434.9263342387901,424.76246857842204,390.67200298544776,375.3132064227402,363.4552452126087,347.6524326778759,369.4833434010069,387.67819123259324,401.36683336147814,376.09718885733673,397.6455625367765,410.0478798532091,388.68651790690654,399.0530930266127,397.8989078968704,393.65341222680615,366.50203366987336,367.7833329790349,339.77855960710036,316.27629671489905,290.55453871413243,322.342118249033,307.2826465801053,297.14694923182583,284.69259167254836
561.3351691676946,565.7427829611369,594.4012395749808,571.577818972184,543.8608844822774,547.7961761729696,536.9837655982708,558.1172439426232,584.6768825664393,573.4582548518059,598.2373843594748,583.5675889559255,562.5016779887927,561.7299640628919,529.3416845310968,550.6217657495115,522.722219309321,509.3346135045313,513.9067717948773,481.9150305901602,452.4672135328616,466.1953585657725,436.2197550800263,434.61555571734266,423.32425005679517,404.2898086137443,382.5043314642009,400.94312202548144,432.55107554600124,407.36365750023447,439.5413428424234,446.17471808568064,456.0909464611086,470.78579293108936,485.07411525591004,507.4608928289083,506.3036984232471,508.6387995492762,496.3066897217153,468.6747212865335,480.1995346513688,447.5522324944064,431.8466860702422,403.4427765814692,381.7936775940595,391.50484149687617,400.49820561122044,394.9720495209203,366.28408787518464,361.62026202734324,351.3124030574238,366.7445437573403,372.2764063312739,371.68601004486385,370.77475580621353,403.41553791444284,421.35613343368436,421.1447026658933,419.69028556812174,386.5438226594692
578.1535200615265,561.2974368444809,544.2131725761329,579.1717973532699,584.2949499741363,551.6965324686904,521.0285158604808,487.8136253376946,494.7869483035954,464.796463307932,495.13364828707716,525.7171060886647,528.9408907610302,537.1056159587467,522.5382240655142,492.01630203409337,508.6385331975204,480.76355240995167,451.7525872812392,438.53820492553484,404.4108011141866,399.79329421712873,414.3309579227341,435.42538312226986,442.72689438819435,467.00808860616826,460.463242869866,484.87728882409937,485.33042055898596,465.9429495188666,497.03314478509924,481.2811059536974,448.11520984684296,430.1023928536948,420.77052214171476,410.36499997196324,412.09172563301325,438.9106073755279,424.37428327320686,425.8282258303487,414.63795258854225,437.1620667446663,413.1941726748598,385.4398914565639,385.649559183196,397.68169018678043,418.3684542631341,424.6421939665062,443.81167725883626,436.3013813581009,403.60211827675374,376.7290698298627,344.4396519158924,332.4657074492469,332.1501013380547,322.0923251940404,326.33428844868786,324.976928843183,337.43292497365877,349.1202764230972
340.8643759012982,330.09938777657464,336.05973529146587,342.8100080438248,329.8390019984241,317.96125400270387,331.54440492573417,341.86316252705905,316.3167188546433,312.1896504319208,339.6790759416621,307.2204732689754,332.0819495228704,308.5044205173604,309.01182478968053,303.71537481429135,269.4244284281935,298.5022140244677,295.3469799378691,327.14575931111216,312.2178323796574,337.85713651877546,367.4244066984696,371.40267584442427,350.5901209951645,363.5574412425649,366.9859058996271,398.1029825093109,393.8520268360453,377.64798217083285,352.32807227542037,366.2324220834879,399.42009541212866,366.40415935212656,383.2353341865954,413.1204595657721,383.3551669616865,356.06707011911584,369.50406701059546,379.86150332330067,349.6794223954379,373.08901504601886,374.72868439516134,403.23250052872424,429.6918621982135,451.5674060317251,452.6803287688346,435.30007369129487,435.7183589650741,407.77515541119874,418.8943858043386,393.27279115036913,394.05489852541973,362.861636717097,348.8275110363222,330.07314328320734,338.4753512730243,358.5504211145999,327.5616279324367,352.0814858933136
547.0917240827497,536.0505592829113,547.1808439008339,540.3637561200753,516.1571178733495,518.1634871727673,489.2086643878791,515.7017152655982,545.4019984242708,567.914918015069,570.652163114813,571.5324263039638,599.0230675400442,572.9418098918095,542.6550280215613,546.9908926736438,535.005884520351,522.569598616914,488.0655734088104,494.8023320771657,478.2846912364587,456.43478960994634,424.2650248074566,414.77033516074937,441.29815622780137,429.86511275961743,442.40030746798897,460.35859490612245,448.32565154943643,470.84050300027934,484.2720791769658,488.41903518603243,453.48850766957645,420.94486128417304,455.3054703715975,475.06534501684666,505.69491313095295,533.8561374752148,500.2871462952074,520.7164565805825,517.2966586613634,537.5657329414092,503.0358378328462,488.2097889168857,505.8024532222769,526.3139084243882,534.6939305094119,520.7818637706504,507.5072451608008,540.180722615743,535.9255751621373,532.2243636792059,535.8876561960549,529.552819776562,533.239829298381,528.50330889211,551.3733532642631,580.006924650143,596.2665344025439,583.1236820778115
388.0164518365082,402.38325595193686,426.06590734265035,430.4746642872967,444.47333581485503,461.9543903653424,474.3019547355525,491.53130363660415,471.13647691552404,471.0226952070499,477.201494029406,442.37494918939757,467.2923248063553,474.99404039749913,449.03358361637333,471.17857869668126,486.3725663475194,504.453534389974,496.89650672030393,521.6906821889534,515.6726129382187,520.6082536444101,485.65321490340125,495.7943329308516,511.0666383798072,515.7642939640227,515.5234111570759,537.2189643168955,549.9150545184624,534.380237298864,566.515370964463,579.952302387936,599.3360658058936,598.9750654745877,597.0787280735859,590.7233776938654,582.7068516650718,556.710197719966,559.744796939629,578.321153507232,572.8427364501641,591.8101047787544,561.5461315752353,553.2119559386397,553.6294652401957,548.8922359510333,521.493294298542,497.2402748816661,520.8734853815502,519.7803835256517,488.19095339834263,454.3453415267781,452.48861966638094,428.995130481092,443.35394670103756,464.02658907798013,445.0073586699775,451.4597448117022,427.2708698556792,413.52165546728634
557.7422877889446,560.8291541927064,587.8413628528003,563.4637423183052,551.5654463457118,549.532096037689,548.1377013013071,582.9730590041661,553.9272988615264,578.5648513536378,592.3068756316043,580.9246536082734,564.5285826535159,565.8744099536966,551.0914126179384,572.0289340087342,568.4061037939548,595.0615417572985,584.9308740119541,575.6823934997609,582.8613256333865,574.1357223684167,594.1878479998761,566.7154845913988,598.1801277845877,593.0848801183138,594.1626221670466,578.8833117760765,590.8642901008402,569.4039820581843,584.3847484500137,556.4936685471096,542.9873026644851,539.1885890996664,526.7509693697059,518.8421674633987,541.2494995982576,524.2168120482092,541.3864940990293,511.5463389368449,530.1480764628992,550.5897034609833,543.7086177461571,559.28206536788,588.3417536300369,590.7016168217698,572.9977659499372,568.0200855925332,585.2213872350999,564.7863400203041,586.0581318419253,567.1145464476118,586.8295826918076,556.010796270548,524.1186070542893,558.9558883701769,584.8178869966051,594.1210401803112,598.0083749357977,579.2224075131834
328.9975107784578,303.099260429711,303.18389977740355,283.5872822107661,314.0758421825185,279.356063553513,254.37983519553154,237.1004540666062,230.36573501360428,230.242604725661,249.68130247699946,241.18390780224354,254.55447316899094,281.9214215592823,289.10039514608144,302.71769053612815,293.3029214116232,269.4846141452128,256.9254985167062,289.42528392599377,297.95208083771337,282.3778591980944,278.9419278994417,302.42784051961127,314.21889046901543,318.4645893200572,345.4259906844261,357.4967607396014,367.4878418949781,345.7716114997319,318.2188193106004,350.7787675046183,357.69885341164303,351.79669205189305,358.0281495156083,327.35498679062835,349.90389596391583,330.06908345341935,351.38730389567564,353.7937949241284,338.1538358801116,305.26853225705656,327.376867129919,304.7290770327705,273.35543512756163,291.2668762853733,280.76990185148185,273.0232822428973,255.31801335254767,280.4605068613305,266.27357368878774,245.9870535713594,238.86022962699138,230.94168276714174,234.5936153835592,224.1131071382893,226.2006020135855,237.18282986742295,265.8930692992839,234.90342156984394
300.81638856881165,329.4005858567234,356.70161304791793,369.26317137863384,351.0963201653005,345.4830594392055,325.26852904986305,299.26972468862726,290.8696123045997,296.1771246595242,286.3724119420606,294.1301304746785,279.86796195122986,269.0774988944852,289.42465030960784,315.9066814721779,303.4490671793516,308.4551732735209,292.9265331459797,261.6599580654996,278.3099607607282,255.2802045872587,250.0800812495429,251.69696028133924,232.30369392302956,224.47281736656603,233.73705416929923,266.41160986094013,274.47110116012965,266.1698171483328,233.89357460252785,249.34950646559906,225.93673366187167,242.20998213630017,263.0190751456082,257.67004952624325,243.62885416339995,222.77808333413643,220.93606063269763,235.4534608804524,264.56782605934484,246.65222057486818,255.39179666467837,268.2932040422617,237.55129476735704,228.04562297783642,234.2600159508453,253.00880044711113,249.8582513367957,267.6186082647348,293.3504588548583,311.43651821675627,345.8938227286837,363.6990975398992,388.3516411904207,411.6172862829708,427.735889642574,448.8620168084864,479.2898427592051,477.5543592560456
462.5490690867665,463.5948495968606,488.16743870030575,483.36261090131126,505.7434848814425,526.6983051354423,559.0303322312436,541.4547811792629,556.1281468712767,574.1125117066008,596.1201574766063,596.3803806746903,583.5297311270908,578.3389013221118,552.817806122669,586.065195292333,563.5444250267699,579.2759603183604,588.6208727445822,574.0840627800169,551.9491261705617,530.1763530659398,555.1310731290512,555.8840272014472,527.1936159441259,542.3849790375281,524.8969527338802,551.2445852864417,537.91461030854,516.93356841485,487.8736594636954,488.6808390283307,485.2324701756108,502.8243202978308,500.34650140134335,489.4136192260493,472.7294633203554,457.1997355032534,487.14908863120036,463.7045907773472,497.87694049634774,485.7613023598035,456.9486188390283,439.3569454941789,408.4459520630022,428.7480359044763,429.6267397823537,418.21580310302977,429.55927542723913,438.70453224376155,469.4955784896929,501.78381466207946,514.4316789586578,536.6787938657496,557.1485508892122,556.5397981782052,570.8518783405443,540.8720466863782,558.9335225068997,591.2618330103655
252.2904061877806,276.26257076520073,306.5711726306497,287.40439491679405,289.1411780494383,319.09125383184744,351.3070741484552,325.2588410531173,314.68913684199885,328.5592617225588,309.0683566795739,296.8023006839876,263.4326748843161,239.17919254950002,250.46655795432196,262.75555867509473,273.1793868518033,292.6646198062785,286.7343187679939,270.87866890487476,236.96931790785152,230.73841111936056,234.28812218317438,228.7834813160886,220.88199509139397,225.64953432127612,247.07663666413174,259.08254514740537,289.58039990526834,310.45218030308,315.1951084819634,289.8240528064882,294.30908013124923,263.62073439524187,258.7826772140016,251.10078124030525,248.27882702428147,237.70705588701443,256.148103731925,280.0142164428396,298.810405924768,307.7530526301297,310.4371885834406,277.61308118400274,293.2184610924372,296.36726686293207,280.31914040940416,268.26808312914505,298.76055818202695,307.46591534023287,305.77978576625986,314.2443075458484,308.2062702948444,306.11902941905555,291.44067738859246,287.23040843000757,300.2218647006613,268.01779945671416,288.66971796744497,273.47828582773684
479.3727215043499,489.3634935319541,500.04745697184546,507.61648110975165,539.7536097746191,540.3377011632965,556.6000392493711,570.9814924357916,551.1069901189616,535.9383988620393,530.619595733027,515.0584508654517,505.7304677905489,498.09771076553034,505.3682300312144,485.7605330226687,507.06096363403685,502.6885086080422,517.1255964258695,487.82657011272676,485.72414770143246,452.69951495384544,465.013214380935,454.07291977072987,485.52061675813786,473.2093117802372,477.6757246414781,460.69285494010114,469.10073896641495,466.7937034757414,457.7376817811357,436.99593621674825,409.80243029475014,383.19396967171724,418.126770897106,411.9885217771124,377.12360132824614,408.82861667206714,375.22721136815403,369.5282401569714,384.7516711749173,413.77361828094064,428.6756586811877,426.1294615241885,459.34040425307575,427.09276106540466,461.1752152430652,485.6326238626559,515.6577250615011,498.49179474832863,473.46385980822754,484.89592936431654,486.00609002334494,487.62784727545153,517.3511897692769,525.7568532350052,512.5313216923265,505.53598064157785,479.88068909800745,458.3426719173057
274.47302667962464,296.19342056441945,310.53456332246776,312.6587145552274,303.86446290915734,315.65906323186186,337.5624375705651,364.24876266758474,367.5398986420281,389.9318571694072,390.7232739082958,388.94038015144815,414.5206100449952,406.56678558352166,399.28067311637085,385.624467286315,386.93358826693816,390.0730906252004,401.3053707969324,396.4405325046023,376.68914293645423,402.36808730542555,391.58814801208655,421.1941874008988,400.7089207127507,404.9129440492868,407.47600059634846,430.48134995123814,405.20094702379623,433.89654912801853,436.09652118006346,442.1241780540691,442.8358185849128,410.35756206345144,410.1539083899133,393.60238477730263,382.59055740375084,393.02766934685064,392.86646841003807,364.3917432967603,334.5046325300834,312.5006712232994,290.862631483355,298.44368447135054,275.89069695453856,302.6110565837725,282.29430282671143,253.6735040065582,280.1405475632016,265.8134778885729,260.5930619769344,292.72490885780536,323.83075419884955,338.8749364473938,308.7006630686726,315.23447184747045,349.4699273004285,380.7540632901071,353.17423776650315,345.891948982829
339.90396344307896,313.98493092642235,327.6208127138356,311.7901982190522,300.93080443782304,272.2559258069223,272.11365492142886,248.1854053770728,247.3018085734211,228.9304796819687,261.9030832101029,237.0518605339029,247.16519734666866,232.2452897142672,223.60773552816735,227.81067765132454,222.344916655131,225.2057836545967,239.84091728399878,255.746161074745,226.85994812976986,238.46101672089517,251.07405680773357,235.47624063579948,238.78111943506894,223.86335970874583,228.55503335417356,240.32943925655755,274.8006103759811,309.5391647817204,343.11268246042056,337.72872950144347,308.37635599047,296.02649659792337,277.6665028738918,243.6553631175816,225.58596199246293,238.3932306511921,238.135676273455,229.5832169674827,251.92604036228693,243.90033278497924,270.17530019229815,252.04370141071638,256.0958923908412,233.98563759128396,244.26261649301642,229.03556424961513,227.1152058948766,245.78391357778114,236.03394799063673,228.7965800757701,260.72066961894933,228.7308971707529,244.7144340025489,252.73926499913642,236.97606095432417,243.53329182237954,225.13558126102453,248.94859655287914
304.24491638319284,282.78189157105174,269.823385050477,297.98927946889694,318.74194484874494,350.024405228108,360.66176945042395,372.0662752226701,370.66844518250525,399.0314878181935,399.79288826711655,389.64709322276826,399.47334391700485,402.7031084550723,376.384495526765,368.8752745006351,355.8080532772487,380.08641752802794,371.60539651614556,394.11426280086806,390.08153437393423,407.82657381512695,382.29630881091026,412.0218241870026,410.66101654292686,393.8468937367683,375.7511661823048,359.30657638255286,349.9772684868106,365.20363577410376,396.67584877715933,408.5084688858136,411.8101078519007,408.2119544131001,431.18556710573324,455.6615712769581,441.17420848725544,472.9136258929956,465.5717013174423,486.5771661608493,519.2545576266057,533.5106246864984,509.819175538082,515.8487624002571,489.1631610169476,509.4031038077724,494.09516597894424,507.76020359314555,536.4664807822595,514.1371703291716,506.63721903125327,516.935534196403,511.311635693068,488.54896160679806,455.58397459861385,449.0458446577513,459.4904765184857,464.6693710891599,440.60625787240485,437.15479894312193
360.3989975488761,344.59316570941405,360.6421527796413,347.3177948815442,350.12773154485626,379.7533790137294,382.50269777148014,390.6943014827194,360.821520514448,338.2909105763696,310.3574945272375,328.89440091214635,352.4088765763253,330.46074709994576,310.8097696645621,298.4342799290569,304.8097131158254,313.33544668182674,326.40822377972876,354.77171671467113,340.4245265494288,351.53765579390307,355.71825499834154,342.1268618272212,370.6459248887783,342.32976372592356,357.16983560416713,373.12099551574926,402.1938524540466,403.4944939186413,391.0080575939885,413.9499044841899,432.9066242124574,432.92871722182036,451.67873351618715,435.43002566159544,441.6954687898382,467.25831062498946,454.5172259481453,453.3657247182974,484.93886451039964,505.8136934484212,532.9064248715599,524.8737191338912,559.6290873083103,535.3086796361772,536.6226204613188,535.1717572220563,556.0620105780657,584.6652546541166,586.4669690031317,581.888260820584,569.5897685225985,567.9703048874395,567.1085496036309,533.4913948244235,533.704601162361,558.6225571745497,573.2717379545071,587.3894482928974
368.384296112038,370.41242269594505,337.7562725257421,329.5661284775961,327.77525162008124,310.63987459201695,277.8267431213624,291.1553107358891,286.61145329530814,280.7089268131645,263.2079995951601,265.8561275250213,261.5180022139725,259.6969153260089,265.35790971655564,230.80063502333712,261.5730487901415,231.5491665762972,240.99017117618698,231.61084278195105,244.41393767065708,236.6495742175146,264.4189694492293,257.1641578265987,266.8770467303893,249.2986277007408,221.24778884571938,234.6497082679498,246.6363976962656,248.32483097535516,280.91939698469315,295.3981391539151,330.0950251976928,315.74923151967084,335.9829610921711,339.8720538204341,347.695278631829,381.70500266279197,392.48410664537016,420.4012891089544,436.2038055393017,410.1208340600342,424.0804937825961,422.9825849905798,452.29844449934376,473.77685580267564,446.0662839351814,420.44037899093047,390.31314911683285,389.84029034895605,360.49431349347077,376.15179705369934,379.81689775522966,403.3288489839496,387.9145541909418,389.2544090822216,362.47798709595975,389.40068728147935,366.65103464176804,338.8163922362964
297.9192274388097,319.3554316494184,291.76244858734617,299.7723732260178,317.00506426907657,334.58074550287756,312.88500756544676,282.1986874518796,278.6151343159348,257.78910848305304,271.7380651140287,261.7065610899082,258.16133696222744,231.10528227934725,246.1670661690288,231.34797038317032,251.46960730268282,224.73056368695282,258.77284225038596,271.6897307513928,249.41080049822764,220.90784739693683,232.00984249324313,227.18372747397265,229.213404153542,258.5872599014226,265.8115861049821,243.16362181700507,252.37732686246545,237.23381669091077,270.9906970023891,238.28370312084775,259.0206373967175,278.13042923011744,247.83182270715645,230.798865422176,237.60080896114823,265.66564617895426,268.2556418682492,279.1271213687595,298.9380198507385,321.9066150343649,320.2465330502226,320.8620527643663,336.12246276051087,319.55642787200475,344.37070941759146,310.8257871309004,289.52979928558113,310.5437952981364,299.36187013062346,274.85016841908487,252.9230013188831,256.0505677887093,280.2832748428585,250.22882494683623,221.9882338855122,237.20574780442084,269.91847904405114,254.44916528303997
584.4848048454784,594.3261927159176,570.8423742482672,588.2558224134157,585.3161254055241,575.7454447905131,565.8051527374304,587.2337413758969,590.1161786674643,589.0903739300144,599.9199313724464,581.7061813414097,589.710188192794,593.7716711212621,567.4956919410245,535.3353580043193,528.6677461575199,553.6393140680942,538.87654375171,552.8772545364296,518.391624270928,508.26713453334463,516.3533031664152,490.4363064714788,518.1987903217992,494.1379687199947,522.8235168702743,502.9707684780825,537.5702756521914,544.9026855828828,515.8068281935646,485.3762346070708,455.6207533452336,461.91324565560024,483.5837898185172,476.7911817424526,472.9296848921829,479.1798241487068,481.4926664837517,494.6569878008406,492.68198821225246,507.65223616673717,542.4639881450015,531.9848371024151,497.83991950648965,471.6336726951055,475.37966564419224,464.4777107443179,495.2764923036674,504.1977186111842,505.62258162876697,526.4853467178083,509.58663769124496,531.9683355110101,497.1826128514966,505.5600282009968,535.9930287742013,556.1432254165722,580.8976188668875,567.3738130776345
533.2107995180479,536.7690160701666,545.0668326253905,514.1909063788967,493.2995251811041,496.8670342670528,465.98310831469763,482.8843847758376,506.68837537237073,536.1137406630071,508.2375328055935,539.0179501671895,508.75135070124014,506.9352858161872,530.752857260134,500.67463695964585,466.9508120688747,433.69715237834026,434.4860691388626,456.297841260629,430.217708235711,403.9404260212788,408.73870587476426,390.1393979315989,406.2543593917401,437.72883656411256,456.35117502614145,482.7534506726656,484.12447470268256,507.3868259979099,485.1900488769777,454.9744012046716,465.8911189133996,434.52779417646354,462.00149351624117,475.4102838137605,507.06433459238434,494.0364005343108,493.06748217842426,509.98580773158255,491.98033671384,494.90975412165665,506.0724633720401,539.5890691833331,556.7182997803001,529.9874592998352,528.260800896667,534.474755705937,509.73837570644173,504.9759996951172,489.8564068386248,463.17433479696666,464.0172701394085,440.6115858102727,446.94920441127334,423.82798966820394,439.47963432040143,418.14654793247837,445.88650498680886,412.72115994522545
418.35900707737966,405.7663406894379,386.5216974936593,384.53389203521965,408.4752595779179,437.5446639647833,423.7720672351325,399.5691207817875,414.978952111429,420.71886289334816,399.7899933007773,418.0106984668979,419.3358289338478,430.07349289936633,420.22722527680355,415.96405456796987,393.5880014542158,411.5441121893897,387.5349048800151,407.0160865125894,427.8766363545104,445.13870383836894,411.4982990024808,395.61762388494793,393.4012658803749,400.08937239055064,429.43491934638416,420.7273373953933,446.9789697095701,423.41901987914866,414.4086540047526,383.0683947622452,400.04264513613873,375.58833815644266,358.5797392518347,377.84606690535975,380.27623712494943,346.2543274842418,311.4107918165596,312.1570360383524,298.503922000796,276.12572322045844,284.0772988605862,265.06785188080613,271.52235235875247,263.0709688997916,241.14320413667687,227.7536424904074,230.12665354616635,221.3462232028538,231.1992513369875,261.6696314262834,284.86498023809537,275.9052432084715,281.21359650919777,285.9288356401819,308.94046338374176,290.48077048992934,276.22789470544024,262.352875067633
235.53059611323624,235.90136532160346,264.6870098629747,293.5261451929784,266.2006193967769,263.2647173100671,254.95914042120185,254.2351487529821,258.40608876438597,224.8242019656282,253.54162538519697,286.736518154472,297.4748549947269,308.70651168926275,310.66510173741233,299.06424055741905,274.4926882499855,280.37712223870903,248.52302048435354,272.374893496893,266.8387124598361,260.87150815117434,248.77346824448773,281.81905943859,259.0632461325403,234.6547936358051,228.21943254944344,248.4611841270234,282.9468514566316,264.4301133847544,292.82333117947854,277.3264903240506,287.6794847328216,255.51441136815734,255.21018958849055,266.0300872280193,268.5724716336033,250.2209485753287,274.0353568577985,306.9449126444753,304.0886393429199,313.6029879061677,333.93191669035775,315.83615093388335,341.3476776688983,325.96174104059816,345.2698972866649,318.1168435565144,303.30391279550633,305.6573081712971,307.40185487059915,331.93203778464476,366.66094581934726,339.1657050295571,323.1628743273097,313.19474904292497,311.7190375896253,311.29271961043327,336.22637403082246,355.16552522577945
227.16360003442225,239.18535552018818,253.49055066298322,251.5327472828086,228.69218780285587,237.36651231137984,241.55697302706096,230.61664436274089,254.50019266983224,242.33740919411727,253.7710052894672,255.4672830026533,281.8871785478005,255.42822377819917,228.4266343559414,233.0418724609025,240.7163745019335,236.63369173612358,259.40616654938754,241.5747755670385,224.79611204609316,236.4676235988016,259.80399410102063,284.3433301520925,300.67746953752703,304.72953703250914,320.4229561549515,333.1202236262218,314.52588790087606,318.0790103550996,337.02166363978984,324.2201099710495,334.9982302412347,333.7018601675506,333.922979733702,305.2268323784532,316.86203394982977,342.46012642464615,317.3603165864565,307.987712941608,276.39443478046644,243.4686667988138,277.8640128865152,277.40701846796213,267.2933497724294,251.53474513618073,285.20489156164723,267.8624465481651,283.6620342498071,268.52510095622245,238.45936633120678,256.52753484106137,221.6416941751519,244.76057029991648,234.96264834538533,257.2773433759922,276.15985509053763,291.8473618077653,258.56120271049804,272.82276608556185
596.25533334119,570.6557723676862,553.301441484514,575.2482999551518,549.8322817390147,561.0731390243333,578.9249854493737,546.008770101605,549.7721167001708,555.0835247976827,541.3245276151083,567.6686544729345,543.626812057546,534.1204417229562,558.5272498232692,536.8722427856887,559.368432328626,529.9032747443829,529.1493094476822,499.4224558188814,511.8757067731874,532.2178110070794,556.7079093843556,590.3962669364348,585.3706768284045,588.5386990893367,577.0368866464829,594.9419591115825,585.7296587079901,594.262538043029,568.8542556288241,566.7113458917064,581.5496977539206,557.3852368071515,537.17902233549,570.6420141638846,563.6126616044387,541.3397433091027,529.5422150478081,522.3585454264229,530.9745134493384,560.585539582681,594.6468448972274,585.944945995852,585.2796752034951,566.281126049799,590.1840995257729,564.9449280404589,537.3915734922266,570.5194927990622,591.2395929723974,569.5272276517372,578.7325262615672,570.0104694226804,556.010419856366,541.0846146095867,515.6065357750501,519.0588015343588,515.3205698425844,516.1736192635805
301.8357236421737,332.53847059630107,342.239854339439,370.21190035627257,342.86088197856543,351.4604495884977,375.92277689358895,364.0872314806016,342.74725332012065,326.29874472651403,310.40410559899993,306.7080331436474,294.5254853382006,278.51467042776,288.91053131611966,257.6227973331516,246.44826180293268,262.3840593821978,239.6935418318682,232.08332727376714,229.44805239723883,220.0411636405229,236.6013733195328,222.01032703673843,230.10159169513489,264.867217872869,294.15495267018997,274.2102592411334,260.9104294751087,258.36975023390727,282.4786985000543,303.6639143975707,277.5008149572104,251.21223434159506,247.59277365253357,274.4616837782078,301.207633714893,273.7232431929501,278.9240533505387,254.82131714929662,267.90645215913236,297.0567795141558,293.8906299874473,264.70642421589093,270.2542179285091,263.8503848380189,285.6132975013961,274.43740997624326,300.6802140093245,284.83924254375944,260.86547705596746,247.31910346826805,222.17592084327825,230.45557780200807,250.00602846540212,229.24925135419204,224.92781667288648,225.28585563939038,223.12423555389046,253.3448064648742
578.7637438886807,546.3821687421387,564.5871934501865,581.1878157203904,599.8336893875854,577.0670171306147,558.607404655271,555.323153111959,580.2834155124023,585.1495711114538,573.6602205117857,553.6616513899519,569.5527532787379,590.4791840414429,573.285339192197,579.5468632020728,566.7398751605537,564.4018969829473,566.1456235797913,584.5577407773541,598.8653510204732,579.9223663257851,563.7762668410774,554.9276372941448,529.2998721504075,515.0855837976482,486.1369027264646,481.0895011490119,457.8045100007853,447.0529822189939,467.60342467640635,449.8183602176459,457.6509837115907,485.7336830589936,490.4187261510619,468.9842090451308,458.1178426227476,464.4436871256322,464.9064669088219,440.3098554482052,436.58559957654506,439.6002682202625,423.31355823229256,431.1847443060822,401.0959512700469,389.6584436196331,410.9578219140633,394.10775797763415,401.4701374778496,395.1722174375715,382.32442740663873,411.45364556034065,400.4819658259675,382.0492789300588,410.7003710248777,427.91647594038477,440.6424558992586,409.1099018439399,383.2942490940442,392.9780465607206
299.58447787997886,280.379136874104,299.91883294815676,284.9335793667427,254.94469051737684,222.5482212795336,236.64054513130438,251.86885616774165,278.1013616979511,250.85766935023588,232.952413963871,245.4052182125468,241.99404507423955,247.5017612462944,277.759418172627,280.9018339431551,274.96027668600044,309.22107015498256,278.7861670479501,309.0341084339321,309.1504373785159,309.41338102221556,338.9508844164402,339.4635629879551,335.15205932506547,319.2262607732694,330.34343445048887,335.2185908190722,315.222771405417,329.88167545970975,339.96775547327456,332.78112736773244,298.08919190098095,294.3498724133141,259.7739406124317,230.0238348633645,239.38770913982657,224.4554348338399,230.87649955873175,250.071649480448,240.0821093985685,274.9525890027291,304.0937313767778,310.06542469776446,342.75172440220956,368.5129350124861,355.83583133132015,373.3075685502918,347.8857934305681,360.80439313708,360.1801209917006,326.3579367393983,310.5540243067243,342.43077952502165,329.53898348121527,307.2407953523161,285.3679966123707,283.9129251373071,307.8983719842446,325.95849554357886
386.00376286435426,365.6146447049415,333.8391877120949,331.22331007588605,353.25758447215946,369.3353240237614,362.9373777576689,369.56656479190093,365.1038212581362,370.63494894344865,371.8603160509971,384.5279780597582,385.0675971070769,415.910366978806,410.87233968952404,376.9864809023038,358.53262838093275,358.5751084483987,361.415138080605,365.0820733324488,380.10072021135454,364.3260901945815,375.8693477274849,390.1516068458298,383.94125952928766,377.0930964695302,354.6178314654817,348.59694780335786,368.67408822284875,397.3021986113406,403.8551220035982,389.8110460383991,402.5713263445803,419.3815609533006,407.636455467947,430.4948057722153,400.65351402189907,366.40627425390085,340.0142283381445,315.9348126860702,342.4598449924107,337.20856414790035,321.45378258582707,316.4890407049044,309.12790319394867,295.23021995310984,269.8831907219474,280.79727306011904,255.35958125469492,274.6392929417822,253.75745387141393,270.2872289130944,291.6782563117771,265.4510769959886,236.5232807761489,268.9251044797742,266.3383809524548,275.454865600564,242.08309640908774,235.9096401068918
412.0511087325668,439.08639066982505,423.0871498993314,442.35054228944176,453.7054472675509,426.774401013953,412.3106631093928,393.9611456600962,389.93807679022615,399.41147380355704,394.7508566891525,376.86841699177893,390.5799307677582,396.4929073975625,397.84488091666094,401.6542527378794,382.1872979784471,394.81747225491904,386.9425097426328,377.38525712373416,352.8666517024081,359.64526512093937,366.8317738591948,355.6528189158518,380.8423228964392,405.0243758065192,377.6581772602894,391.3108644069837,383.87929733993525,418.85933691433775,399.6109909922634,384.24768537127767,380.1951259901786,364.005186397825,377.444722044881,376.10828989758465,356.56980833705245,357.0159932011118,384.2311368466645,404.6988321261682,404.6168568360457,389.81133905598205,367.403391585159,393.89019298824167,408.6018788231504,413.6533100434725,440.2137352602293,413.7320553764156,426.5063053965604,406.67616726548664,380.11658813660574,377.7091838370911,369.8266889205958,400.70884157335877,388.3874098459859,410.4305679796261,427.8484580124102,439.6031289165078,469.03116202371194,462.5858836304059
368.07505067348893,344.3413703241946,328.6447156088494,355.22906753311037,353.43581683690616,342.3305493902559,322.45839324600786,321.4056107630609,336.5721866955779,321.64062847757316,339.6807849344589,348.7659291652032,368.8953085429825,351.45898256422635,360.6309526955395,336.39242225975846,326.85821101128306,342.5634176502791,351.7802046408746,329.9304554145011,355.01444246097816,323.7490112251409,330.41410942130636,364.2815444375188,366.4868756665112,387.53390306367066,394.1965711869078,414.0127532315173,424.9043427063874,438.2835837240144,419.2303643000613,436.15782825016555,417.8115203166687,451.45633957664984,432.40144294393417,413.96932319577013,439.0764416296406,421.08545196703795,411.34864751142777,426.3734587939597,402.4858594075931,378.62088224551826,377.6659718741816,359.7247446704725,341.22080156030484,306.8675260596007,297.7989974434571,285.07653626674534,252.25744302461226,261.78255508870427,270.64841782893905,240.60445085309516,237.62892200318717,265.9348142673361,271.68650904445656,265.5247397252957,263.08187471778245,242.66147432828882,266.8142843106828,295.79461369225055
566.0523360550166,546.4920892391415,533.2439079834935,509.4875022201611,495.99158157442304,484.287957623005,493.6053592175295,471.88060592589824,501.2383906316403,473.455353537612,438.9368143100153,463.7829733141526,478.0468598577761,467.922050782696,474.60703019640425,455.2551172551506,432.0423926603269,430.0228321200375,419.74598020050473,427.8120837379752,408.0825266572474,419.4874656964907,438.1677721176876,414.8323021296808,382.9023819689349,378.6734982400286,397.8551842594992,408.4097727496892,422.5414931787106,415.7402469782464,397.18643514596124,399.4109541758839,378.71655273832766,394.55256152728225,373.3402134444456,358.72864211444954,359.1867765970599,358.25647198710453,365.3159283355966,360.9370503705908,390.30018196629715,414.09556856010033,440.633510146665,449.6996701449056,459.1502242551621,466.7941321152785,462.23602292478046,449.78344299948884,456.22364512090974,423.01087372060124,388.53282392026745,413.14775176103984,381.3974348954734,383.1330954188127,391.1822388252878,370.0542248988583,397.7553835774187,376.06208759980495,402.9781367154722,421.3874555687847
311.48232233919373,287.03441397852026,274.1707036915567,267.0272433304759,249.23217068540058,284.16097245579823,265.2366359925689,288.3810738813689,264.51931617770197,298.1364399470183,278.9230820268342,273.44128086168564,277.5407655354391,250.96076559636563,273.87807700539656,258.10606429305466,261.55495740517114,265.02932415369844,272.2141698165034,241.0981888732054,229.45920714879333,227.16647931890847,232.73643818340878,226.91768569076893,258.6448081558353,259.55161969162634,268.20188003081427,258.2260523086827,242.5632821810565,248.96452943714237,238.82623058785003,238.4971648389055,244.22088815182664,249.9499981233556,283.93119321802305,264.5637743893589,263.7221059311442,239.18792769539792,238.96573311542437,258.7101988065431,235.9225488697833,249.6038903692295,246.92050724333325,223.193831552905,255.63771859921388,249.58993841971593,270.6337666697491,264.7757108809751,295.39093339149,280.72385680151285,274.58000227965164,292.7004990978017,281.75721116746166,272.2622061609242,306.8998282999199,310.7928450982445,324.0494768551549,334.0918332459076,357.04652354686766,382.37428050778965
434.03733033871765,419.6562555863656,386.2522729166135,394.2605004911159,417.04331881970927,413.58110520552543,390.1105350398859,375.2762801453808,375.97550521121127,399.5431905396479,376.5659107644374,384.41640206410335,402.15220504064155,432.6755314640792,405.84478988159935,435.69220427311836,442.79493173533194,461.46404285559197,430.2282725253909,430.6586434202325,439.24272060588805,425.7210893969869,420.93660396407455,424.7374734336464,428.415829217755,396.34613599623367,392.10985965675616,372.0771304922123,401.2457859581868,434.60638526682015,420.581668011465,397.8446458190391,378.20993638542313,376.6525942601299,402.8679861980524,402.87052124368716,371.747965563758,339.5399577536781,320.4573239472775,344.45131337993746,352.9549524073975,357.36200217243794,344.6898736532229,374.749652006456,362.9321291538053,386.3782380395116,414.09148429782346,412.924935222953,440.525184086605,424.90141420397833,435.99175403680766,407.1492164335147,405.32461141998226,385.53783757106663,354.93126702620884,320.19205259164227,307.9247007424988,314.1918423600722,311.0579666956532,297.1818175920179
596.6560116949754,597.681148840234,567.3703858958349,560.4439409731982,570.863226352751,582.9069596062687,566.9923990711072,582.7452347721035,554.2326645497913,542.4595483178306,557.6098706207439,566.4076659389701,588.8338686760674,555.9970761379677,533.2044963855811,501.5991171446188,480.0471128420636,445.34690958636907,445.6416307038897,447.6236383936676,458.67606309208725,450.61993439616026,415.84447274412315,428.0168535526577,396.8172296950116,422.4491598522537,389.03493899180927,391.16819761977354,418.81244938675997,423.8867196919746,431.4758919500497,444.1886513336681,417.7572706748008,430.00216773153994,456.627009472437,489.82246777090916,485.83610772599343,474.9514473434217,492.6831204351639,495.6843206018359,478.69564641368805,455.74669836156727,432.6628194030593,429.80521196548995,406.7139203585855,373.0942464393895,341.7404606872678,371.8323787639754,341.9396726451849,312.06232098585207,308.64551217319934,290.80253193665163,323.1911015887265,351.9601103535728,345.2921377605615,341.70334411969964,332.9612998349896,300.61192800000856,286.1112067478382,259.6983496206771
258.90072540574664,263.1610355112938,235.07457555124316,225.1542423499754,239.29466415734308,244.01357247704905,228.12232036777215,220.19185227313196,226.79112804718406,229.85820339986057,255.89770745382845,284.9783919907335,278.3944998148914,271.74637066995984,286.62006053315054,295.50460163247874,273.39441470101735,245.93265326172764,246.6648535964933,254.83005832157872,229.68596001822604,233.10520760085524,234.71745135732053,232.99108059917424,242.11243106758693,257.29804894221235,257.95534079533184,237.05730015264592,225.35872886957384,253.16964717803978,252.67403111165376,224.20520908032879,230.11970736188894,256.2777687897669,273.8986115239154,300.20577582673184,307.3519236468503,301.95533905191417,296.8197888807257,275.39979199523174,285.95571930148344,291.91053222798325,267.75104102800174,294.747445431178,285.5402196629198,254.0219332493946,242.63097502781227,270.13069060331765,299.31765161364257,298.6455408218169,330.58933662695614,356.85626327179443,379.6224134687402,404.80211799649464,396.5333968483123,414.48622270120035,419.89995291653076,435.27783303835224,412.72286056900646,428.9204343932524
583.8851249937852,564.3557228862777,598.3870155631716,577.2404907045099,553.776421887224,526.6364579732407,546.5837919034132,550.4215699297729,536.9207604861149,544.512286371678,532.7593695205483,529.1444125335404,554.5309013362568,566.3025547163983,583.6776133836303,578.6238950203104,599.5150555009457,573.0814783047911,554.3221592302206,525.8012849419039,529.5826500868536,537.5177966354394,553.3351067383568,541.8163215548051,507.674297685357,516.9303652815394,551.8390497579661,537.4575045232656,515.332916196097,500.05660324394177,494.83568647833505,477.39959150501454,466.68679328074165,476.36126498129704,465.5132240602801,458.23735019513595,426.0395385910844,455.2955137046853,448.77753089872505,436.7475770211606,407.80147075833753,417.1942958360004,442.6620423544632,410.54276635813125,385.7118390737537,360.95912709578823,368.1183669701337,397.60450216041954,393.24828785500523,382.31473922857475,400.92358722034317,417.9034215432388,400.17635129264346,376.4341966541955,366.48089892327044,385.7731363791346,399.4275736731831,411.03733311811743,434.0973323295417,418.49645419343926
349.07981567841387,317.0435772210562,342.8557815273035,348.625862971856,334.49442340371456,304.3535806051701,319.99224582654233,337.4038721949766,349.03637784302816,328.30104580929924,357.22616990490155,374.9472312363629,385.9901738872408,396.55624852676596,424.8612875331808,454.84278684997946,461.5374061106963,455.7042648780747,446.16564344723383,468.5011623228844,478.62353611128776,449.0321582290435,423.9851791400954,451.99819179743463,478.9130621647497,510.5413335735725,505.4909012865552,525.3751648214047,548.3509167334072,535.4497001420807,510.6233399279807,545.4151852427227,512.5305295053172,519.3440438151182,529.8589030078379,542.5841569457133,525.4780990235496,540.9886461244691,521.1366155541577,544.1692934567756,524.5074606426999,538.2768826780253,558.1158266864037,536.3420292187569,518.0010833530391,537.5383450644448,508.5582730788915,486.911539751558,483.79870318485206,513.911438196986,518.2428866394966,510.38033601407244,543.8662515696458,541.326043005136,536.6874911632597,530.5025933454003,517.3551984278761,505.153835109507,518.3024293045719,486.16092111850355
479.0903557456012,458.17467061441226,450.06923083872675,425.32695891795,429.01953200302285,445.0740631496726,434.89995347361815,411.3391139014366,392.1945046366189,414.46240893340894,398.1978203875986,417.4270018983845,405.6109603748193,383.82223917882663,399.73383835274683,397.5319904160113,364.72139800524775,396.91736735935564,372.26010851440316,361.99859686611956,353.93422131581906,353.194314263908,373.17539582729995,338.60171540455883,368.8747589980841,379.0940212122949,410.63944275272036,432.8567103718744,462.8053856376996,469.87542420319704,459.8870530045993,455.89103742255156,466.9532991494395,461.83852933308305,478.05562417582826,449.4849853014303,472.5840507303725,451.8772555053128,482.9535881720434,458.84179416765215,432.88328789482,454.7146156359375,477.0237435751485,493.7369029668358,525.9740354401652,509.91180944814425,532.7772211774644,522.4200582805039,525.0379620703577,521.2299641494507,486.6394657366032,491.85181928434423,509.1772314278209,486.39589827808993,516.6118086106026,518.7397763698979,496.2169965904744,506.4333265546564,484.8679161507305,454.31525053140405
480.41979211931204,453.1684339506966,425.6036553370471,442.399704759774,411.263861084339,432.9477036176958,453.6781167230438,428.5756566884874,429.86230199787525,401.6260863657012,410.90607175072034,380.3111726586586,411.42483260125096,390.9659840771217,403.7686099935268,377.7490096999245,357.42076108279883,353.9872365046348,359.10396639854093,394.02439322595876,360.83922919232486,325.86123856741096,315.3869351974573,306.0178809436267,332.88648747053094,361.76726580934206,388.4040141544944,363.42652668851775,357.2738651511929,374.48582651184455,361.36860125674144,372.79526325248,354.3952636758565,342.034611733113,367.26468718750687,349.80031971373654,382.30300579567694,368.74117506125623,335.3881427488856,318.23120601506554,295.21555197210535,295.69343960733386,268.58356425028404,277.4069856574627,303.64992059641736,294.02624232267885,270.8207326740572,263.8224823789661,283.84015988051,290.2442970660817,262.32432199901393,264.9274228019063,262.6933995037978,250.5912574252791,227.2255720138557,261.4280126911873,238.75104508371518,230.36013181245895,226.60365010337003,243.72211167340794
388.59443830342616,371.06344104528506,366.123077856792,378.26960743111226,362.9886446360164,392.055848958143,378.50008556058236,357.3726177181821,389.1923669992791,410.9316097075517,399.9512434465943,423.8514730266656,425.1684704674316,414.441145345706,438.213956613451,455.86551129396184,441.71675027897925,449.1842463470374,440.0415619934232,405.1152000726504,437.44230197067,440.9163372957685,447.8066194123734,454.79901920978403,458.34392146714225,443.64727060129377,476.6575993448577,485.17438822092765,497.13888345970497,493.97437647189844,479.12467450625326,448.62910325849833,438.1452170182504,415.47203706703783,426.81821584502865,453.348487781219,439.54132785841466,427.8431116373979,439.76862690542873,415.2176273023153,445.27824716975425,435.74752184153806,407.8314830564123,385.0593634008572,415.35158872137924,397.64993890721064,409.00875517540067,384.9403208230792,363.5274392874937,390.07411461049213,365.43644001767143,331.748981089211,331.8353043560503,357.2261812844557,345.0455544635495,319.0169134087492,352.7730714783438,365.14477554260276,389.6931197789737,407.3427988419984
485.33206411589225,477.2515488150567,464.95534833931146,480.14245005192464,495.3123606243308,526.8535475077673,531.6597347571499,517.283212162287,516.5502281154204,524.5101952862348,519.3812812566186,539.760599891787,545.6835247468956,511.3440256808312,516.2328178570718,525.5850828730021,554.653370481087,548.6138876375802,553.8266237865753,552.0764453365814,554.2923953294033,524.0036802762331,551.8135370035502,580.542400791764,575.3884113667963,573.5655698214938,542.1014920930443,548.9580280114272,543.9986533029686,558.6317074193792,526.9304515810692,541.6925893721335,526.7751570403955,537.394530172113,546.2933484439617,527.172252368218,523.0039165333567,546.4982446670894,553.8896597187236,523.7013408572124,519.7049590496704,506.52896116412455,516.4441586879389,524.4636345786071,490.1915016843169,497.7301873436093,514.1696631225549,532.9807653906652,502.10906931796245,488.36515851565326,482.85430775425993,460.4383272999038,454.88969828145446,424.8687657892459,397.7939755997395,409.60260899877886,392.9826812799897,407.7810906035598,376.1486875647266,380.53790127777177
368.7504921629993,389.5384895970819,409.4151002114712,400.7042751834968,409.2942561696368,390.22267698700097,395.85115551963037,366.53968409595694,361.96198398425963,339.75292169192727,366.5896044383339,362.7326616960121,369.08682410063955,359.3135543237403,344.52542679052647,323.7298116048338,352.56082239152516,373.52342716141186,347.851707271584,365.1224486120099,359.41960300457566,325.49736885181557,327.4830812781511,301.5863320840917,281.2817340006433,295.00460130032985,278.0045439002136,305.43671802914076,316.43860111883265,339.69844506258926,347.76171274570214,373.58118411724325,363.89911136879374,367.3389517507843,368.45127978188765,396.7166293473456,373.26070794994854,378.724961373017,396.5351449689056,387.43862820626185,413.16933492938017,404.28036862482156,381.41198181753566,387.2953666958879,381.73512739849974,347.79843472624003,317.68713620078523,296.35653881524655,315.20963598151724,342.65240210387964,345.8472632848752,318.2368456608639,320.6461723177931,345.53855455957927,363.00198859816055,348.3788600569768,322.05120270716185,350.09892169051886,374.88513395477366,343.6452095149395
532.9963061333344,504.8011907782802,474.2310451164228,492.333107916661,494.87485145140806,488.8932131377304,517.163566856052,540.9148169007947,509.9484599090886,518.0745668449706,537.1332850694927,540.6676256537393,574.4780105890725,580.9989704007446,551.6228003119523,530.5036611519491,553.3408546359115,588.1138217560125,557.7245741509744,529.7476264001277,548.1847201901576,517.6895199103153,487.48872803485466,514.7058818455309,535.7373687078225,562.4467926983292,572.982730847622,557.9855589384491,586.4274822617444,565.9372359773993,549.9647760683382,577.0128054118322,581.4917975627567,594.4176007887665,565.7444491468173,596.6962884517981,585.1665872754705,583.4570533422276,595.5704290759663,575.583355496225,583.3380871498748,581.4193085128029,588.6276439105607,595.2209944453107,587.2731389909911,555.5013626074701,533.3211868169548,565.0996595756507,597.8086574169259,598.7880573861087,565.1206351616233,556.8458702215295,575.0229595006892,585.1788218380311,554.4589046972427,562.1231267935091,537.1240000913691,536.6486533921146,518.4266524509932,487.14793447242414
250.40738170011164,279.5791228509247,296.7043403450321,326.9320190691386,324.8313143324873,318.7617892591836,308.8502997343303,316.9917964579766,306.60095354596996,323.8400799247104,344.9322927598207,371.24141429987736,353.23747941704676,355.129022867513,335.77014603860175,303.3990536780256,317.94682496991425,321.37551414537296,337.0504237140888,308.18402751254644,342.8708600468824,377.47525973317465,375.02524751842054,400.64935758128905,382.699156487678,399.3287877733088,425.87459775025843,447.90123637591296,469.725421852794,467.13728609901455,489.53658244352863,502.8859193550197,477.157517225114,450.15042550963045,469.1849750250552,477.9674612391599,479.3237894425563,507.8321148019743,519.0034397829596,511.7337119391406,505.7089385114735,513.0760437687044,531.2953136967487,535.8000451831874,536.41330693853,552.2963561243228,566.6648746178153,588.4067300818439,556.3212223437247,574.1678715894632,570.4210133140117,540.2446193181676,552.775321290034,567.93313487017,568.0511676283379,586.1950823198086,565.8486665450948,544.8108199407146,534.3621965627441,528.0657324934625
484.45476891282414,508.64116456430014,524.1054378698076,501.2845670046797,491.9197629406977,468.00872288204215,481.07941685110575,463.45144832628836,465.22853362591763,485.6566226495455,497.6223718940586,483.50855124061786,471.8092237837617,482.5447238459739,486.00746629977004,457.75501042267314,483.9344216718214,484.8173490355754,482.95261995939796,461.84337352365634,453.232940851594,441.5306812136509,425.4821790117108,430.2006392369849,427.55991445660464,454.80375242863136,485.6978308219326,466.06097086789896,438.0683508816037,458.04197948574614,492.68227774044874,518.1342826302396,484.793100778551,467.3815493280036,435.41550872089203,457.8700651137737,463.5685534542358,464.5288513359296,468.3403430756865,451.0119311844479,458.1266170241683,425.2733055166504,435.4941261946092,451.9044943071273,464.0163327669552,452.2645590488106,475.1029631077386,490.1910429059624,464.1718555106618,442.8319509483439,452.4295398708206,437.6886692197424,411.048975120979,386.8968046414714,363.49000727929945,361.9353707565862,369.45235249665103,346.80051173646007,361.6752744618855,346.3461569869925
338.39209258970516,319.03699606489266,339.001425580916,371.1883938864974,370.6633832939639,338.6055281942033,321.8453803439866,297.9089007223058,321.9022606619471,292.84203978227146,325.49537663045834,331.69134099418216,332.93312608937356,357.24766965871663,324.17600314911857,343.5766956076092,316.73897879740537,340.5934457232356,342.6357810698859,311.91483923509236,335.24199195118507,302.15398014617267,276.83992864872494,297.68764531658894,295.2286239866413,321.92583329147965,331.4058823868555,340.0528951927841,325.5093526220251,299.86698927064646,332.14905663341426,304.48489487345194,306.51563687860164,290.59543823703626,274.08528468773807,280.70632003893496,301.5617082414558,320.9642720396453,346.78039028319404,332.28358193705975,329.8861786571149,295.53959878251663,312.8196324020622,298.983650252022,303.28819758093505,280.1392173222966,302.4971828216996,324.70623817117905,351.12794220388594,319.34353200135655,353.8156416856075,336.1602006963861,322.82055871970056,305.2740597630318,289.0013486486891,292.6876435759443,274.4743816772089,267.0383734752372,277.9308342462623,301.45266849670315
483.2417701014142,489.84436923652686,465.1853686144017,487.31346072229144,454.9227028818041,438.41611930827526,407.41024349351255,419.13027178442496,409.916247565971,420.55964139031164,409.85180854156295,406.75365969752755,403.8109304091602,372.00157616588837,367.11743301010864,376.99193842817283,380.2155956534532,350.4854592929333,362.2493782910057,348.86977113507396,314.8802073296055,290.77189632550267,290.60107233766183,277.3291884697666,290.9359994325152,272.7817427221187,291.87747451538047,276.93087721295905,285.3913367438681,306.33648336145075,298.32541236651315,266.6017582935961,269.0829447677178,303.7615790758328,336.59100972221677,317.06256329830853,334.9613189580062,324.1079471854108,300.32702079822724,311.9410498404018,312.0018609072756,314.747999943173,337.6654862996586,326.2235436117782,337.92017678067464,328.5535794680584,296.54425222868844,288.00530974223284,319.5077221665223,318.33609591271147,290.91222649129224,304.06010454762804,336.4966590279245,365.05282628602254,370.0900849325922,361.4297370369894,367.0771738326363,389.19234818658373,414.47896212787555,436.79803407384645
